node_id,lat_lng_size_type,latitude,longitude,height,link_1,link_2,link_3,link_4,link_5
00001B000000000309CEE5A662E2FFC1,3,35.42.37.972,139.45.36.517,0,00001B000000000309CEACA6631CFFC1,00001B000000000309CEE52662E2FFC1,,,
00001B000000000309CF102662D77FC1,3,35.42.46.485,139.45.34.283,0,00001B000000000309CED5266311FFC1,00001B000000000309CF112662D77FC1,,,
00001B000000000309CED52662E6FFC1,3,35.42.34.667,139.45.37.393,0,00001B000000000309CE9B266324FFC1,00001B000000000309CED5A662E6FFC2,00001B000000000309CED4A662E77FC2,,
00001B000000000309CEC2A662E9FFC1,3,35.42.30.944,139.45.37.950,0,00001B000000000309CE88A66327FFC1,00001B000000000309CEC2A662E9FFC2,00001B000000000309CEC22662E9FFC2,,
00001B000000000309CEB0A662E87FC1,3,35.42.27.354,139.45.37.642,0,00001B000000000309CE76A66324FFC1,00001B000000000309CEB22662E87FC1,00001B000000000309CEB0A662E6FFC1,00001B000000000309CEAEA662E87FC1,
00001B000000000309CEB32662E87FC1,3,35.42.27.879,139.45.37.672,0,00001B000000000309CE79A66322FFC1,00001B000000000309CEB22662E87FC1,00001B000000000309CEB3A662E27FC1,00001B000000000309CEB2A662E7FFC1,
00001B000000000309CEBAA662E77FC1,3,35.42.29.362,139.45.37.444,0,00001B000000000309CE80A663217FC3,00001B000000000309CEBBA662E3FFC1,00001B000000000309CEBA2662E77FC1,,
00001B000000000309CEC62662E5FFC1,3,35.42.31.689,139.45.37.100,0,00001B000000000309CE8C26631FFFC2,00001B000000000309CEC62662E5FFC3,00001B000000000309CEC62662E37FC1,,
00001B000000000309CED32662E3FFC1,3,35.42.34.245,139.45.36.722,0,00001B000000000309CE9926631FFFC1,00001B000000000309CED42662E37FC1,00001B000000000309CECD2662E4FFC1,,
00001B000000000309CEDF2662E0FFC1,3,35.42.36.684,139.45.36.102,0,00001B000000000309CEA526631AFFC2,00001B000000000309CEDF2662E0FFC3,00001B000000000309CEDEA662DDFFC1,,
00001B000000000309CEE72662DEFFC1,3,35.42.38.286,139.45.35.704,0,00001B000000000309CEAC266313FFC1,00001B000000000309CEE7A662E07FC1,00001B000000000309CEE92662DE7FC1,00001B000000000309CEE6A662DEFFC1,
00001B000000000309CEEAA662DDFFC1,3,35.42.38.990,139.45.35.528,0,00001B000000000309CEAEA663187FC1,00001B000000000309CEE9A662D47FC1,00001B000000000309CEEC2662DD7FC1,,
00001B000000000309CEEDA662DCFFC1,3,35.42.39.594,139.45.35.378,0,00001B000000000309CEB22663177FC1,00001B000000000309CEED2662D9FFC1,00001B000000000309CEF42662DB7FC1,,
00001B000000000309CEFB2662D97FC1,3,35.42.42.223,139.45.34.688,0,00001B000000000309CEC0A66313FFC3,00001B000000000309CEFB2662D97FC3,00001B000000000309CEFA2662CF7FC1,,
00001B000000000309CF342662CAFFC1,3,35.42.53.633,139.45.31.704,0,00001B000000000309CEF9A66304FFC3,00001B000000000309CF342662CA7FC1,00001B000000000309CF33A662C7FFC1,,
00001B000000000309CF2F2662CBFFC1,3,35.42.52.649,139.45.31.967,0,00001B000000000309CEF4A663067FC2,00001B000000000309CF2F2662CBFFC3,00001B000000000309CF2EA662C9FFC1,,
00001B000000000309CF24A662CEFFC1,3,35.42.50.513,139.45.32.513,0,00001B000000000309CEEA266308FFC3,00001B000000000309CF24A662CEFFC2,00001B000000000309CF242662CC7FC1,,
00001B000000000309CF1B2662D0FFC1,3,35.42.48.694,139.45.32.989,0,00001B000000000309CEE126630B7FC2,00001B000000000309CF1BA662D0FFC2,00001B000000000309CF1B2662CE7FC1,,
00001B000000000309CF132662D37FC1,3,35.42.47.002,139.45.33.427,0,00001B000000000309CED8A6630D7FC2,00001B000000000309CF132662D37FC2,00001B000000000309CF122662CF7FC1,,
00001B000000000309CF0B2662D57FC1,3,35.42.45.425,139.45.33.843,0,00001B000000000309CED0A6630F7FC2,00001B000000000309CF0B2662D57FC3,00001B000000000309CF0A2662D17FC1,,
00001B000000000309CEFFA662D87FC1,3,35.42.43.184,139.45.34.431,0,00001B000000000309CEC52663127FC1,00001B000000000309CF002662D87FC1,00001B000000000309CEFF2662D0FFC1,,
00001B000000000309CF39A662CCFFC1,3,35.42.54.779,139.45.32.135,0,00001B000000000309CEEBA6630C7FC1,00001B000000000309CF39A662CAFFC1,,,
00001B000000000309CF30A662B67FC1,3,35.42.52.962,139.45.27.684,0,00001B000000000309CEF6A662F17FC1,00001B000000000309CF30A662B8FFC1,00001B000000000309CF30A662B67FC2,,
00001B000000000309CF2DA662B1FFC1,3,35.42.52.315,139.45.26.780,0,00001B000000000309CEF22662ED7FC1,00001B000000000309CF2DA662B27FC2,00001B000000000309CF2D2662B1FFC2,,
00001B000000000309CF2B2662B07FC1,3,35.42.51.886,139.45.26.471,0,00001B000000000309CEF22662EB7FC1,00001B000000000309CF292662AFFFC1,,,
00001B000000000309CF26A662AF7FC1,3,35.42.50.979,139.45.26.214,0,00001B000000000309CEEEA662E9FFC1,00001B000000000309CF26A662AFFFC1,00001B000000000309CF222662ADFFC1,,
00001B000000000309CF1DA662ACFFC1,3,35.42.49.192,139.45.25.700,0,00001B000000000309CEE82662E87FC1,00001B000000000309CF19A662A97FC1,00001B000000000309CF1DA662AD7FC1,,
00001B000000000309CED5A662E6FFC1,3,35.42.34.762,139.45.37.368,0,00001B000000000309CE9EA663207FC1,00001B000000000309CED5A662E6FFC2,,,
00001B000000000309CED4A662E77FC1,3,35.42.34.525,139.45.37.414,0,00001B000000000309CE9AA663217FC1,00001B000000000309CED42662E77FC1,,,
00001B000000000309CEC32662E9FFC1,3,35.42.31.040,139.45.37.936,0,00001B000000000309CE91266322FFC1,00001B000000000309CEC2A662E9FFC2,,,
00001B000000000309CEC22662E9FFC1,3,35.42.30.822,139.45.37.969,0,00001B000000000309CE882663247FC1,00001B000000000309CEB9A662EB7FC1,,,
00001B000000000309CEB42662E87FC1,3,35.42.28.068,139.45.37.643,0,00001B000000000309CE7CA663227FC1,00001B000000000309CEB3A662E87FC1,,,
00001B000000000309CEBB2662E77FC1,3,35.42.29.415,139.45.37.436,0,00001B000000000309CE86266320FFC1,00001B000000000309CEBAA662E77FC2,,,
00001B000000000309CEB9A662E77FC1,3,35.42.29.119,139.45.37.481,0,00001B000000000309CE7FA66321FFC1,00001B000000000309CEB6A662E7FFC1,,,
00001B000000000309CEC6A662E57FC1,3,35.42.31.768,139.45.37.088,0,00001B000000000309CE8CA6631FFFC3,00001B000000000309CEC6A662E57FC2,,,
00001B000000000309CEC62662E5FFC2,3,35.42.31.601,139.45.37.113,0,00001B000000000309CE8C26631FFFC3,00001B000000000309CEC0A662E67FC1,,,
00001B000000000309CEDFA662E07FC1,3,35.42.36.754,139.45.36.085,0,00001B000000000309CEA726631A7FC1,00001B000000000309CEDFA662E07FC2,,,
00001B000000000309CEDF2662E0FFC2,3,35.42.36.610,139.45.36.123,0,00001B000000000309CEA526631AFFC3,00001B000000000309CED9A662E1FFC1,,,
00001B000000000309CEFB2662D97FC2,3,35.42.42.286,139.45.34.671,0,00001B000000000309CEC1266313FFC2,00001B000000000309CEFD2662D8FFC1,,,
00001B000000000309CEFAA662D9FFC1,3,35.42.42.165,139.45.34.703,0,00001B000000000309CEBA2663157FC1,00001B000000000309CEFAA662D97FC1,,,
00001B000000000309CF00A662D7FFC1,3,35.42.43.311,139.45.34.397,0,00001B000000000309CEC62663127FC2,00001B000000000309CF00A662D9FFC1,00001B000000000309CF05A662D6FFC1,00001B000000000309CF00A662D77FC1,
00001B000000000309CEFF2662D87FC1,3,35.42.43.037,139.45.34.470,0,00001B000000000309CEC32663137FC1,00001B000000000309CEFFA662D87FC2,,,
00001B000000000309CF0B2662D57FC2,3,35.42.45.484,139.45.33.827,0,00001B000000000309CED126630F7FC2,00001B000000000309CF0CA662D4FFC1,,,
00001B000000000309CF0AA662D57FC1,3,35.42.45.352,139.45.33.862,0,00001B000000000309CECB266310FFC1,00001B000000000309CF0AA662D57FC2,,,
00001B000000000309CF13A662D2FFC1,3,35.42.47.113,139.45.33.398,0,00001B000000000309CED926630D7FC2,00001B000000000309CF172662D27FC1,,,
00001B000000000309CF122662D37FC1,3,35.42.46.898,139.45.33.454,0,00001B000000000309CED7A6630DFFC1,00001B000000000309CF12A662D37FC1,,,
00001B000000000309CF1BA662D0FFC1,3,35.42.48.790,139.45.32.963,0,00001B000000000309CEE1A6630B7FC2,00001B000000000309CF202662CFFFC1,,,
00001B000000000309CF1B2662D17FC1,3,35.42.48.617,139.45.33.008,0,00001B000000000309CEDD26630C7FC1,00001B000000000309CF1B2662D0FFC2,,,
00001B000000000309CF24A662CE7FC1,3,35.42.50.575,139.45.32.497,0,00001B000000000309CEEAA66308FFC2,00001B000000000309CF29A662CD7FC1,,,
00001B000000000309CF242662CEFFC1,3,35.42.50.455,139.45.32.528,0,00001B000000000309CEE5A66309FFC1,00001B000000000309CF242662CEFFC2,,,
00001B000000000309CF2F2662CBFFC2,3,35.42.52.698,139.45.31.954,0,00001B000000000309CEF52663067FC2,00001B000000000309CF31A662CB7FC1,,,
00001B000000000309CF2EA662CBFFC1,3,35.42.52.582,139.45.31.984,0,00001B000000000309CEEFA663077FC1,00001B000000000309CF2F2662CBFFC4,,,
00001B000000000309CF34A662CA7FC1,3,35.42.53.713,139.45.31.682,0,00001B000000000309CEFA266304FFC2,00001B000000000309CF36A662C9FFC1,,,
00001B000000000309CF33A662CAFFC1,3,35.42.53.572,139.45.31.720,0,00001B000000000309CEF72663057FC1,00001B000000000309CF342662CAFFC2,,,
00001B000000000309CF38A662C2FFC1,3,35.42.54.564,139.45.30.164,0,00001B000000000309CEFEA662FD7FC2,00001B000000000309CF36A662BF7FC1,,,
00001B000000000309CF392662C47FC1,3,35.42.54.612,139.45.30.408,0,00001B000000000309CEFF2663007FC1,00001B000000000309CF392662C3FFC1,,,
00001B000000000309CF34A662BC7FC1,3,35.42.53.773,139.45.28.827,0,00001B000000000309CEFCA662F9FFC1,00001B000000000309CF34A662BBFFC1,,,
00001B000000000309CF33A662BB7FC1,3,35.42.53.589,139.45.28.602,0,00001B000000000309CEF9A662F5FFC1,00001B000000000309CF32A662B97FC1,,,
00001B000000000309CF312662B77FC1,3,35.42.53.080,139.45.27.857,0,00001B000000000309CEF82662F37FC1,00001B000000000309CF312662B6FFC1,,,
00001B000000000309CF302662B5FFC1,3,35.42.52.856,139.45.27.536,0,00001B000000000309CEF62662F07FC1,00001B000000000309CF2F2662B47FC1,,,
00001B000000000309CF2DA662B27FC1,3,35.42.52.379,139.45.26.869,0,00001B000000000309CEF4A662EE7FC1,00001B000000000309CF2DA662B27FC2,,,
00001B000000000309CF2D2662B1FFC1,3,35.42.52.228,139.45.26.717,0,00001B000000000309CEF32662EBFFC1,00001B000000000309CF2C2662B0FFC1,00001B000000000309CF2DA662B07FC1,,
00001B000000000309CF122662A2FFC1,3,35.42.46.829,139.45.23.705,0,00001B000000000309CED92662DDFFC1,00001B000000000309CF112662A47FC1,00001B000000000309CF0C26629D7FC1,,
00001B000000000309CF06266297FFC1,3,35.42.44.419,139.45.21.583,0,00001B000000000309CED1A662D77FC1,00001B000000000309CF052662997FC1,00001B000000000309CF022662947FC1,,
00001B000000000309CEF6266287FFC1,3,35.42.41.256,139.45.18.384,0,00001B000000000309CEBDA662C47FC1,00001B000000000309CEF72662877FC1,00001B000000000309CEF5A66287FFC1,,
00001B000000000309CEF926628C7FC1,3,35.42.41.832,139.45.19.201,0,00001B000000000309CEC12662C87FC1,00001B000000000309CEF7A66289FFC1,,,
00001B000000000309CEFDA662907FC1,3,35.42.42.742,139.45.20.042,0,00001B000000000309CEC3A662CAFFC2,00001B000000000309CEFB26628E7FC1,,,
00001B000000000309CEFEA662917FC1,3,35.42.42.918,139.45.20.212,0,00001B000000000309CEC82662CEFFC1,00001B000000000309CEFE266290FFC2,,,
00001B000000000309CEFE266290FFC1,3,35.42.42.833,139.45.20.129,0,00001B000000000309CEC42662CB7FC2,00001B000000000309CEFE2662927FC1,00001B000000000309CEFDA662907FC2,,
00001B000000000309CEF5266287FFC1,3,35.42.41.005,139.45.18.339,0,00001B000000000309CEBB2662C27FC1,00001B000000000309CEF4A662877FC1,00001B000000000309CEF42662887FC1,,
00001B000000000309CEF3A66288FFC1,3,35.42.40.730,139.45.18.505,0,00001B000000000309CEBA2662C27FC1,00001B000000000309CEF3266288FFC1,,,
00001B000000000309CEF2A662897FC1,3,35.42.40.561,139.45.18.602,0,00001B000000000309CEB92662C2FFC2,00001B000000000309CEF0A66289FFC1,,,
00001B000000000309CEE32662DFFFC1,3,35.42.37.410,139.45.35.922,0,00001B000000000309CEA9266319FFC1,00001B000000000309CEE12662E07FC1,00001B000000000309CEE2A662DCFFC1,,
00001B000000000309CEEF26628A7FC1,3,35.42.39.805,139.45.18.862,0,00001B000000000309CEB6A662C3FFC1,00001B000000000309CEEEA6628A7FC2,,,
00001B000000000309CEEEA6628A7FC1,3,35.42.39.718,139.45.18.886,0,00001B000000000309CEB4A662C4FFC2,00001B000000000309CEF126628F7FC1,00001B000000000309CEEE26628A7FC1,,
00001B000000000309CEEE26628AFFC1,3,35.42.39.625,139.45.18.913,0,00001B000000000309CEB42662C4FFC2,00001B000000000309CEED26628B7FC1,,,
00001B000000000309CEEA26628CFFC1,3,35.42.38.876,139.45.19.378,0,00001B000000000309CEB12662C67FC1,00001B000000000309CEE9A6628D7FC1,,,
00001B000000000309CEE726628FFFC1,3,35.42.38.265,139.45.19.907,0,00001B000000000309CEAE2662C8FFC1,00001B000000000309CEE6A662907FC1,,,
00001B000000000309CEE5A662917FC1,3,35.42.37.948,139.45.20.209,0,00001B000000000309CEAC2662CAFFC1,00001B000000000309CEE2266294FFC1,,,
00001B000000000309CEDEA66298FFC1,3,35.42.36.560,139.45.21.711,0,00001B000000000309CEA82662CF7FC1,00001B000000000309CEDC26629BFFC1,,,
00001B000000000309CED926629EFFC1,3,35.42.35.463,139.45.22.994,0,00001B000000000309CEA1A662D5FFC1,00001B000000000309CED926629F7FC1,,,
00001B000000000309CED8A6629FFFC1,3,35.42.35.304,139.45.23.198,0,00001B000000000309CE9E2662DA7FC2,00001B000000000309CED7A662A17FC1,,,
00001B000000000309CED8A6629FFFC2,3,35.42.35.349,139.45.23.141,0,00001B000000000309CE9EA662D9FFC2,00001B000000000309CEDC26629F7FC1,00001B000000000309CED8A6629FFFC3,,
00001B000000000309CED52662A57FC1,3,35.42.34.692,139.45.24.203,0,00001B000000000309CE9BA662DE7FC1,00001B000000000309CED52662A5FFC1,,,
00001B000000000309CED4A662A6FFC1,3,35.42.34.579,139.45.24.522,0,00001B000000000309CE9AA662E07FC1,00001B000000000309CED4A662A6FFC3,,,
00001B000000000309CED4A662A6FFC2,3,35.42.34.557,139.45.24.592,0,00001B000000000309CE9AA662E17FC2,00001B000000000309CED42662A8FFC1,,,
00001B000000000309CED32662AAFFC1,3,35.42.34.268,139.45.25.373,0,00001B000000000309CE99A662E37FC1,00001B000000000309CED32662AB7FC2,,,
00001B000000000309CED32662AB7FC1,3,35.42.34.239,139.45.25.451,0,00001B000000000309CE992662E57FC2,00001B000000000309CED22662ACFFC1,,,
00001B000000000309CED12662AE7FC1,3,35.42.33.887,139.45.26.089,0,00001B000000000309CE982662E77FC1,00001B000000000309CECFA662B0FFC1,,,
00001B000000000309CECE2662B37FC1,3,35.42.33.231,139.45.27.075,0,00001B000000000309CE95A662EB7FC1,00001B000000000309CECD2662B5FFC1,,,
00001B000000000309CECC2662B7FFC1,3,35.42.32.830,139.45.27.932,0,00001B000000000309CE92A662EFFFC1,00001B000000000309CECC2662B7FFC2,,,
00001B000000000309CECBA662B87FC1,3,35.42.32.797,139.45.28.003,0,00001B000000000309CE91A662F27FC2,00001B000000000309CECBA662B97FC1,,,
00001B000000000309CECB2662BA7FC1,3,35.42.32.605,139.45.28.404,0,00001B000000000309CE912662F37FC1,00001B000000000309CECAA662BA7FC1,,,
00001B000000000309CECAA662BAFFC1,3,35.42.32.537,139.45.28.534,0,00001B000000000309CE90A662F4FFC1,00001B000000000309CECD2662BBFFC1,00001B000000000309CECAA662BB7FC1,,
00001B000000000309CECA2662BB7FC1,3,35.42.32.463,139.45.28.676,0,00001B000000000309CE902662F57FC1,00001B000000000309CEC8A662BF7FC1,,,
00001B000000000309CEC6A662C2FFC1,3,35.42.31.764,139.45.30.164,0,00001B000000000309CE8E2662F97FC1,00001B000000000309CEC6A662C37FC3,,,
00001B000000000309CEC6A662C37FC1,3,35.42.31.723,139.45.30.254,0,00001B000000000309CE8CA662FD7FC2,00001B000000000309CECA2662C47FC1,00001B000000000309CEC6A662C37FC2,,
00001B000000000309CEC22662D0FFC1,3,35.42.30.850,139.45.32.989,0,00001B000000000309CE8A266304FFC1,00001B000000000309CEC5A662D27FC1,00001B000000000309CEC0A662D57FC1,,
00001B000000000309CEBF2662D97FC1,3,35.42.30.238,139.45.34.630,0,00001B000000000309CE86A6630F7FC1,00001B000000000309CEBF2662D97FC2,,,
00001B000000000309CEBEA662DA7FC1,3,35.42.30.174,139.45.34.809,0,00001B000000000309CE84A663147FC2,00001B000000000309CEBDA662DCFFC1,,,
00001B000000000309CEBF2662D9FFC1,3,35.42.30.203,139.45.34.728,0,00001B000000000309CE84A66313FFC2,00001B000000000309CEC32662DA7FC1,00001B000000000309CEBEA662D9FFC1,,
00001B000000000309CEBCA662DFFFC1,3,35.42.29.741,139.45.35.961,0,00001B000000000309CE83A663177FC1,00001B000000000309CEBBA662E3FFC1,,,
00001B000000000309CEEF26629FFFC1,3,35.42.39.852,139.45.23.148,0,00001B000000000309CEB5A662D9FFC1,00001B000000000309CEEF2662A97FC1,00001B000000000309CEE7A6629F7FC1,,
00001B000000000309CEDFA6629F7FC1,3,35.42.36.796,139.45.23.003,0,00001B000000000309CEAD2662D9FFC1,00001B000000000309CEDC26629F7FC1,,,
00001B000000000309CEF3A66293FFC1,3,35.42.40.747,139.45.20.760,0,00001B000000000309CEB9A662D3FFC1,00001B000000000309CEF126628F7FC1,,,
00001B000000000309CEF4A662A1FFC1,3,35.42.40.909,139.45.23.536,0,00001B000000000309CEBAA662E3FFC1,00001B000000000309CEF42662A1FFC1,00001B000000000309CEF4A662A0FFC1,,
00001B000000000309CEF5A662B1FFC1,3,35.42.41.162,139.45.26.719,0,00001B000000000309CEBBA662ECFFC1,00001B000000000309CEF52662A9FFC1,00001B000000000309CEF32662B1FFC1,,
00001B000000000309CEF5A662B2FFC1,3,35.42.41.188,139.45.26.998,0,00001B000000000309CEBC2662F3FFC1,00001B000000000309CEF8A662B2FFC1,00001B000000000309CEF5A662B27FC1,,
00001B000000000309CEF6A662BFFFC1,3,35.42.41.384,139.45.29.528,0,00001B000000000309CEBCA662FAFFC1,00001B000000000309CEF62662B97FC1,00001B000000000309CEFA2662BF7FC1,,
00001B000000000309CEF72662C1FFC1,3,35.42.41.403,139.45.29.912,0,00001B000000000309CEBCA662FD7FC1,00001B000000000309CEF6A662C0FFC1,00001B000000000309CEF3A662C1FFC1,,
00001B000000000309CEF72662C4FFC1,3,35.42.41.418,139.45.30.579,0,00001B000000000309CEBDA662FF7FC1,00001B000000000309CEF72662C37FC1,00001B000000000309CEF42662C57FC1,,
00001B000000000309CEF92662C57FC1,3,35.42.41.848,139.45.30.661,0,00001B000000000309CEBFA66309FFC1,00001B000000000309CEF82662C57FC1,,,
00001B000000000309CEFE2662947FC1,3,35.42.42.802,139.45.20.846,0,00001B000000000309CEC3A662D37FC1,00001B000000000309CEFE2662927FC1,00001B000000000309CF012662977FC1,,
00001B000000000309CEFDA6629E7FC1,3,35.42.42.714,139.45.22.813,0,00001B000000000309CEC3A662D97FC1,00001B000000000309CEFDA662997FC1,,,
00001B000000000309CF012662A4FFC1,3,35.42.43.426,139.45.24.137,0,00001B000000000309CEC72662DFFFC1,00001B000000000309CEFDA662A57FC1,00001B000000000309CEFFA662A27FC1,,
00001B000000000309CF01A662A67FC1,3,35.42.43.595,139.45.24.445,0,00001B000000000309CEC92662E37FC1,00001B000000000309CF032662A5FFC1,00001B000000000309CF01A662A57FC1,,
00001B000000000309CF04A662AC7FC1,3,35.42.44.190,139.45.25.615,0,00001B000000000309CECD2662EBFFC1,00001B000000000309CF06A662AC7FC1,00001B000000000309CF032662A97FC1,00001B000000000309CF02A662ABFFC1,
00001B000000000309CF0A2662B6FFC1,3,35.42.45.280,139.45.27.772,0,00001B000000000309CED1A662F47FC1,00001B000000000309CF07A662B17FC1,00001B000000000309CF0B2662B67FC1,,
00001B000000000309CF0DA662BD7FC1,3,35.42.45.933,139.45.29.077,0,00001B000000000309CED42662F9FFC1,00001B000000000309CF0E2662BD7FC1,00001B000000000309CF0C2662BA7FC1,00001B000000000309CF0B2662BD7FC1,
00001B000000000309CF0F2662C17FC1,3,35.42.46.299,139.45.29.894,0,00001B000000000309CED5A662FD7FC1,00001B000000000309CF112662C17FC1,00001B000000000309CF0EA662BF7FC1,00001B000000000309CF102662BF7FC1,
00001B000000000309CF102662C4FFC1,3,35.42.46.433,139.45.30.526,0,00001B000000000309CED6A663027FC1,00001B000000000309CF0FA662C37FC1,00001B000000000309CF0C2662C57FC1,,
00001B000000000309CF11A662CBFFC1,3,35.42.46.713,139.45.31.932,0,00001B000000000309CED8266309FFC1,00001B000000000309CF10A662C87FC1,00001B000000000309CF132662CB7FC1,00001B000000000309CF0DA662CCFFC1,
00001B000000000309CEFE26629FFFC1,3,35.42.42.891,139.45.23.147,0,00001B000000000309CEC5A662DC7FC1,00001B000000000309CEFEA6629F7FC1,00001B000000000309CEFE26629EFFC1,,
00001B000000000309CEFF26629F7FC1,3,35.42.43.008,139.45.23.051,0,00001B000000000309CEC4A662D9FFC1,,,,
00001B000000000309CF0EA662BD7FC1,3,35.42.46.181,139.45.29.070,0,00001B000000000309CED5A662F7FFC1,00001B000000000309CF0E2662BD7FC1,00001B000000000309CF0EA662BB7FC1,,
00001B000000000309CF112662BD7FC1,3,35.42.46.692,139.45.29.055,0,00001B000000000309CED62662F9FFC1,00001B000000000309CF102662BD7FC1,00001B000000000309CF122662BB7FC1,00001B000000000309CF152662BD7FC1,
00001B000000000309CF132662B97FC1,3,35.42.47.076,139.45.28.248,0,00001B000000000309CED82662F57FC1,00001B000000000309CF14A662B5FFC1,00001B000000000309CF112662B77FC1,,
00001B000000000309CF162662B27FC1,3,35.42.47.665,139.45.26.842,0,00001B000000000309CEDAA662EFFFC1,00001B000000000309CF17A662AF7FC1,00001B000000000309CF122662B07FC1,,
00001B000000000309CF1BA662A6FFC1,3,35.42.48.701,139.45.24.552,0,00001B000000000309CEE02662E3FFC1,00001B000000000309CF192662A57FC1,,,
00001B000000000309CEFAA662A5FFC1,3,35.42.42.139,139.45.24.378,0,00001B000000000309CEC12662E5FFC1,00001B000000000309CEFDA662A57FC1,,,
00001B000000000309CEFBA662B1FFC1,3,35.42.42.357,139.45.26.703,0,00001B000000000309CEC1A662EC7FC2,00001B000000000309CEFB2662ABFFC1,00001B000000000309CEFEA662B17FC1,,
00001B000000000309CEFBA662B27FC1,3,35.42.42.372,139.45.26.837,0,00001B000000000309CEC22662F27FC1,00001B000000000309CEFBA662B1FFC2,00001B000000000309CEF8A662B2FFC1,,
00001B000000000309CEFD2662BDFFC1,3,35.42.42.643,139.45.29.164,0,00001B000000000309CEC32662F8FFC1,00001B000000000309CEFFA662BDFFC1,00001B000000000309CEFCA662B87FC1,,
00001B000000000309CEFD2662BF7FC1,3,35.42.42.673,139.45.29.428,0,00001B000000000309CEC32662FBFFC1,00001B000000000309CEFA2662BF7FC1,00001B000000000309CEFD2662BE7FC1,,
00001B000000000309CEFDA662C3FFC1,3,35.42.42.786,139.45.30.349,0,00001B000000000309CEC4266300FFC1,00001B000000000309CF002662C3FFC1,00001B000000000309CEFDA662C17FC1,,
00001B000000000309CEFEA662C8FFC1,3,35.42.42.931,139.45.31.383,0,00001B000000000309CEC526630AFFC1,00001B000000000309CEFE2662C67FC1,00001B000000000309CF03A662C87FC1,,
00001B000000000309CF022662BDFFC1,3,35.42.43.687,139.45.29.102,0,00001B000000000309CECB2662F7FFC1,00001B000000000309CF022662BAFFC1,00001B000000000309CEFFA662BDFFC1,,
00001B000000000309CF082662BD7FC1,3,35.42.44.873,139.45.29.062,0,00001B000000000309CED0A662F7FFC1,00001B000000000309CF082662C1FFC1,00001B000000000309CF052662BD7FC1,,
00001B000000000309CF192662BD7FC1,3,35.42.48.203,139.45.29.003,0,00001B000000000309CEDB2662F77FC1,00001B000000000309CF192662BF7FC1,00001B000000000309CF1DA662BCFFC1,,
00001B000000000309CF222662BCFFC1,3,35.42.50.019,139.45.28.935,0,00001B000000000309CEE32662F77FC1,00001B000000000309CF22A662C07FC1,00001B000000000309CF22A662BD7FC1,00001B000000000309CF26A662B87FC1,00001B000000000309CF272662BC7FC1
00001B000000000309CF2B2662B47FC1,3,35.42.51.818,139.45.27.216,0,00001B000000000309CEEC2662F2FFC1,00001B000000000309CF2C2662B2FFC1,00001B000000000309CF28A662B27FC1,,
00001B000000000309CEB42662D6FFC1,3,35.42.28.075,139.45.34.151,0,00001B000000000309CE7A266313FFC1,00001B000000000309CEB3A662D6FFC1,,,
00001B000000000309CEB12662F37FC1,3,35.42.27.409,139.45.39.812,0,00001B000000000309CE76A6632DFFC1,00001B000000000309CEB0A662EFFFC1,,,
00001B000000000309CEB12662F3FFC1,3,35.42.27.418,139.45.39.973,0,00001B000000000309CE7926632DFFC1,00001B000000000309CEB12662F47FC1,00001B000000000309CEB12662F37FC2,,
00001B000000000309CEB12662F4FFC1,3,35.42.27.426,139.45.40.133,0,00001B000000000309CE76A6633DFFC1,00001B000000000309CEB12662F47FC1,,,
00001B000000000309CEB0A663127FC1,3,35.42.27.379,139.45.46.015,0,00001B000000000309CE76A6634DFFC1,00001B000000000309CEB12663037FC1,,,
00001B000000000309CEB0A66314FFC1,3,35.42.27.375,139.45.46.592,0,00001B000000000309CE76A66350FFC1,00001B000000000309CEB0A66313FFC1,,,
00001B000000000309CEB0A66317FFC1,3,35.42.27.373,139.45.47.153,0,00001B000000000309CE76A66356FFC1,00001B000000000309CEB0A663167FC1,,,
00001B000000000309CEB0A663217FC1,3,35.42.27.341,139.45.49.053,0,00001B000000000309CE76A6635BFFC1,00001B000000000309CEB0A6631CFFC1,,,
00001B000000000309CEB12663227FC1,3,35.42.27.473,139.45.49.233,0,00001B000000000309CE7726635DFFC1,00001B000000000309CEB5A663227FC1,00001B000000000309CEB1266321FFC1,,
00001B000000000309CEB1266324FFC1,3,35.42.27.476,139.45.49.764,0,00001B000000000309CE80A6635EFFC1,00001B000000000309CEB12663237FC1,00001B000000000309CEB12663257FC1,,
00001B000000000309CEC42663247FC1,3,35.42.31.285,139.45.49.649,0,00001B000000000309CE8B26635E7FC1,00001B000000000309CEBAA66324FFC1,,,
00001B000000000309CEC62663247FC1,3,35.42.31.666,139.45.49.647,0,00001B000000000309CE8C26635DFFC1,00001B000000000309CEC52663247FC1,,,
00001B000000000309CEC6266321FFC1,3,35.42.31.664,139.45.49.133,0,00001B000000000309CE8C26635CFFC1,00001B000000000309CEBFA66321FFC1,,,
00001B000000000309CEB22662E77FC1,3,35.42.27.688,139.45.37.477,0,00001B000000000309CE78A663227FC1,00001B000000000309CEB1A662E6FFC1,,,
00001B000000000309CEB0A662E5FFC1,3,35.42.27.313,139.45.37.131,0,00001B000000000309CE77266320FFC1,00001B000000000309CEB02662DFFFC1,00001B000000000309CEB0A662E6FFC1,,
00001B000000000309CEAFA662D6FFC1,3,35.42.27.106,139.45.34.164,0,00001B000000000309CE772663117FC1,00001B000000000309CEAF2662D5FFC1,00001B000000000309CEAFA662D87FC1,,
00001B000000000309CEAD2662E8FFC1,3,35.42.26.612,139.45.37.742,0,00001B000000000309CE732663257FC1,00001B000000000309CEAEA662E87FC1,00001B000000000309CEABA662E87FC1,00001B000000000309CEAA2662E97FC1,00001B000000000309CEACA662E5FFC1
00001B000000000309CEADA662EDFFC1,3,35.42.26.735,139.45.38.712,0,00001B000000000309CE73A66327FFC1,00001B000000000309CEAD2662EB7FC1,00001B000000000309CEAD2662EDFFC1,,
00001B000000000309CEAE2662EDFFC1,3,35.42.26.850,139.45.38.758,0,00001B000000000309CE75266327FFC1,00001B000000000309CEAE2662F0FFC1,00001B000000000309CEADA662EDFFC2,,
00001B000000000309CEB12662EC7FC1,3,35.42.27.416,139.45.38.489,0,00001B000000000309CE7F2663257FC1,00001B000000000309CEB0A662EA7FC1,00001B000000000309CEAFA662ED7FC1,00001B000000000309CEB0A662ECFFC2,
00001B000000000309CEB0A662ECFFC1,3,35.42.27.378,139.45.38.558,0,00001B000000000309CE76A6632A7FC1,00001B000000000309CEB0A662ECFFC2,,,
00001B000000000309CEA22662EA7FC1,3,35.42.24.428,139.45.38.079,0,00001B000000000309CE68A663247FC1,00001B000000000309CEA1A662E5FFC1,,,
00001B000000000309CEA7A662EE7FC1,3,35.42.25.547,139.45.38.859,0,00001B000000000309CE6CA66328FFC1,00001B000000000309CEA7A662EE7FC2,00001B000000000309CEAA2662EE7FC1,,
00001B000000000309CEA62662EE7FC1,3,35.42.25.219,139.45.38.889,0,00001B000000000309CE6CA66328FFC1,,,,
00001B000000000309CEAE2662F37FC1,3,35.42.26.862,139.45.39.885,0,00001B000000000309CE7426632E7FC1,00001B000000000309CEAE2662F0FFC1,,,
00001B000000000309CEAE2662F57FC1,3,35.42.26.846,139.45.40.206,0,00001B000000000309CE74266336FFC1,00001B000000000309CEAE2662F47FC1,00001B000000000309CEAD2662F57FC1,,
00001B000000000309CEAE2663047FC1,3,35.42.26.855,139.45.43.208,0,00001B000000000309CE7426633F7FC1,00001B000000000309CEAE2662FCFFC1,,,
00001B000000000309CEAE266305FFC1,3,35.42.26.855,139.45.43.545,0,00001B000000000309CE742663447FC1,00001B000000000309CEAE266304FFC1,,,
00001B000000000309CEAE26630E7FC1,3,35.42.26.851,139.45.45.210,0,00001B000000000309CE742663497FC1,00001B000000000309CEAE266309FFC1,,,
00001B000000000309CEAE26630FFFC1,3,35.42.26.848,139.45.45.537,0,00001B000000000309CE7426634C7FC1,00001B000000000309CEAE26630EFFC1,,,
00001B000000000309CEAE2663147FC1,3,35.42.26.845,139.45.46.463,0,00001B000000000309CE7526634EFFC1,00001B000000000309CEADA66314FFC2,00001B000000000309CEAE2663127FC1,,
00001B000000000309CEADA66314FFC1,3,35.42.26.745,139.45.46.557,0,00001B000000000309CE73266350FFC1,00001B000000000309CEADA66314FFC2,,,
00001B000000000309CEAE266319FFC1,3,35.42.26.827,139.45.47.508,0,00001B000000000309CE73A66356FFC1,00001B000000000309CEADA663197FC1,,,
00001B000000000309CEADA6631FFFC1,3,35.42.26.788,139.45.48.708,0,00001B000000000309CE73A6635AFFC1,00001B000000000309CEAE26631CFFC1,,,
00001B000000000309CEADA663217FC1,3,35.42.26.776,139.45.49.021,0,00001B000000000309CE73A6635D7FC1,00001B000000000309CEADA663207FC1,,,
00001B000000000309CEB0A663257FC1,3,35.42.27.342,139.45.49.835,0,00001B000000000309CE76A6635F7FC1,00001B000000000309CEAF2663257FC1,,,
00001B000000000309CEADA663257FC1,3,35.42.26.756,139.45.49.836,0,00001B000000000309CE7526635F7FC1,00001B000000000309CEADA663237FC1,,,
00001B000000000309CF312662BAFFC1,3,35.42.53.030,139.45.28.591,0,00001B000000000309CEF4A662F57FC1,00001B000000000309CF312662BBFFC1,00001B000000000309CF30A662B8FFC1,,
00001B000000000309CF2CA662BB7FC1,3,35.42.52.149,139.45.28.699,0,00001B000000000309CEED2662F67FC1,00001B000000000309CF2D2662BFFFC1,00001B000000000309CF2EA662BB7FC1,,
00001B000000000309CF23A662C9FFC1,3,35.42.50.351,139.45.31.513,0,00001B000000000309CEE9A663067FC1,00001B000000000309CF20A662CA7FC1,00001B000000000309CF292662C87FC1,00001B000000000309CF232662C6FFC1,
00001B000000000309CF2DA662C47FC1,3,35.42.52.390,139.45.30.462,0,00001B000000000309CEF3A662FFFFC1,00001B000000000309CF2D2662BFFFC1,00001B000000000309CF302662C3FFC1,,
00001B000000000309CF2E2662C77FC1,3,35.42.52.489,139.45.31.042,0,00001B000000000309CEF4A66303FFC1,00001B000000000309CF292662C87FC1,00001B000000000309CF2E2662C5FFC1,,
00001B000000000309CF19A662C17FC1,3,35.42.48.316,139.45.29.847,0,00001B000000000309CEDFA663007FC1,00001B000000000309CF1B2662C17FC1,00001B000000000309CF192662BF7FC1,,
00001B000000000309CF1DA662CAFFC1,3,35.42.49.189,139.45.31.774,0,00001B000000000309CEE22663057FC1,00001B000000000309CF20A662CA7FC1,00001B000000000309CF1DA662C7FFC1,,
00001B000000000309CF1AA662CB7FC1,3,35.42.48.517,139.45.31.864,0,00001B000000000309CEE0A663087FC1,00001B000000000309CF17A662CB7FC1,00001B000000000309CF1A2662C67FC1,00001B000000000309CF1C2662CB7FC1,
00001B000000000309CF14A662CAFFC1,3,35.42.47.347,139.45.31.753,0,00001B000000000309CED8A663057FC1,00001B000000000309CF17A662CB7FC1,,,
00001B000000000309CF09A662CDFFC1,3,35.42.45.156,139.45.32.344,0,00001B000000000309CED3266306FFC1,00001B000000000309CF0A2662D17FC1,00001B000000000309CF092662CAFFC1,,
00001B000000000309CF08A662C67FC1,3,35.42.44.902,139.45.30.852,0,00001B000000000309CED22662FFFFC1,00001B000000000309CF08A662C77FC1,00001B000000000309CF082662C1FFC1,,
00001B000000000309CF08A662C87FC1,3,35.42.44.941,139.45.31.204,0,00001B000000000309CECF2663057FC1,00001B000000000309CF03A662C87FC1,00001B000000000309CF08A662C77FC1,,
00001B000000000309CF1CA662C17FC1,3,35.42.48.998,139.45.29.839,0,00001B000000000309CEE2A662FD7FC1,00001B000000000309CF1B2662C17FC1,,,
00001B000000000309CF012662B0FFC1,3,35.42.43.457,139.45.26.519,0,00001B000000000309CEC6A662E87FC1,00001B000000000309CEFEA662B17FC1,00001B000000000309CF01A662B47FC1,,
00001B000000000309CF00A662ABFFC1,3,35.42.43.376,139.45.25.530,0,00001B000000000309CEC8A662E67FC1,00001B000000000309CF012662AE7FC1,,,
00001B000000000309CF082662ACFFC1,3,35.42.44.814,139.45.25.732,0,00001B000000000309CED0A662E7FFC1,00001B000000000309CF082662AAFFC1,00001B000000000309CF06A662AC7FC1,,
00001B000000000309CF392662C7FFC1,3,35.42.54.695,139.45.31.190,0,00001B000000000309CEFF266302FFC1,00001B000000000309CF392662C5FFC1,00001B000000000309CF3B2662C77FC1,,
00001B000000000309CF392662C8FFC1,3,35.42.54.625,139.45.31.386,0,00001B000000000309CEFCA66303FFC1,00001B000000000309CF39A662CAFFC1,00001B000000000309CF392662C87FC1,,
00001B000000000309CF3B2662C37FC1,3,35.42.55.063,139.45.30.240,0,00001B000000000309CF01A662FF7FC1,00001B000000000309CF3B2662C2FFC1,,,
00001B000000000309CF3B2662C27FC1,3,35.42.55.004,139.45.30.077,0,00001B000000000309CF00A662FD7FC1,00001B000000000309CF38A662BEFFC1,,,
00001B000000000309CF36A662BB7FC1,3,35.42.54.163,139.45.28.660,0,00001B000000000309CEFEA662F97FC1,00001B000000000309CF36A662BAFFC1,,,
00001B000000000309CF362662BAFFC1,3,35.42.54.059,139.45.28.506,0,00001B000000000309CEFC2662F57FC1,00001B000000000309CF352662B8FFC1,,,
00001B000000000309CF342662B77FC1,3,35.42.53.603,139.45.27.880,0,00001B000000000309CEFAA662F37FC1,00001B000000000309CF33A662B6FFC1,,,
00001B000000000309CF332662B6FFC1,3,35.42.53.492,139.45.27.713,0,00001B000000000309CEF9A662F17FC1,00001B000000000309CF31A662B47FC1,,,
00001B000000000309CF302662B1FFC1,3,35.42.52.801,139.45.26.717,0,00001B000000000309CEF7A662EE7FC1,00001B000000000309CF2F2662B07FC1,,,
00001B000000000309CF2EA662AF7FC1,3,35.42.52.539,139.45.26.220,0,00001B000000000309CEF52662EAFFC1,00001B000000000309CF2DA662B07FC1,00001B000000000309CF262662ACFFC1,,
00001B000000000309CF1E2662AA7FC1,3,35.42.49.234,139.45.25.231,0,00001B000000000309CEEC2662E6FFC1,00001B000000000309CF1A2662A6FFC1,,,
00001B000000000309CEFCA6628CFFC1,3,35.42.42.584,139.45.19.307,0,00001B000000000309CECFA662D27FC1,00001B000000000309CEFC26628BFFC1,,,
00001B000000000309CEFB26628B7FC1,3,35.42.42.290,139.45.19.040,0,00001B000000000309CEC1A662C67FC1,00001B000000000309CEFAA6628AFFC1,,,
00001B000000000309CEFA266289FFC1,3,35.42.42.027,139.45.18.774,0,00001B000000000309CEC0A662C4FFC1,00001B000000000309CEF92662887FC1,,,
00001B000000000309CEF6A66282FFC1,3,35.42.41.363,139.45.17.327,0,00001B000000000309CEBD2662BEFFC1,00001B000000000309CEF5A66282FFC1,,,
00001B000000000309CEF4A662867FC1,3,35.42.40.919,139.45.18.060,0,00001B000000000309CEBA2662C0FFC2,00001B000000000309CEF4A66284FFC1,00001B000000000309CEF4A662877FC1,,
00001B000000000309CEF3A66286FFC1,3,35.42.40.772,139.45.18.133,0,00001B000000000309CEBA2662C0FFC2,,,,
00001B000000000309CEF82662867FC1,3,35.42.41.618,139.45.18.090,0,00001B000000000309CEBEA662C27FC1,00001B000000000309CEF72662877FC1,00001B000000000309CEF7266284FFC1,,
00001B000000000309CEF0A662B27FC1,3,35.42.40.168,139.45.26.814,0,00001B000000000309CEB92662EC7FC1,00001B000000000309CEF0A662B9FFC1,00001B000000000309CEF02662B27FC1,,
00001B000000000309CEEF2662B27FC1,3,35.42.39.841,139.45.26.853,0,00001B000000000309CEB5A662EC7FC1,00001B000000000309CEEE2662B2FFC1,00001B000000000309CEEF2662A97FC1,,
00001B000000000309CEEDA662B37FC1,3,35.42.39.506,139.45.27.018,0,00001B000000000309CEB42662ECFFC1,00001B000000000309CEEC2662B37FC1,,,
00001B000000000309CEEAA662B37FC1,3,35.42.38.988,139.45.27.027,0,00001B000000000309CEB22662ED7FC1,00001B000000000309CEEAA662B6FFC1,00001B000000000309CEE4A662B2FFC1,,
00001B000000000309CEDEA662B1FFC1,3,35.42.36.572,139.45.26.779,0,00001B000000000309CEAAA662ECFFC1,00001B000000000309CEDEA662B47FC1,,,
00001B000000000309CEDEA662B67FC1,3,35.42.36.508,139.45.27.628,0,00001B000000000309CEA42662EE7FC1,00001B000000000309CEDE2662B77FC1,00001B000000000309CEDC2662B5FFC1,,
00001B000000000309CEDE2662B8FFC1,3,35.42.36.472,139.45.28.107,0,00001B000000000309CEA3A662F67FC1,00001B000000000309CEE42662B97FC1,00001B000000000309CEDE2662B77FC1,,
00001B000000000309CEDA2662B57FC1,3,35.42.35.607,139.45.27.454,0,00001B000000000309CEA22662EFFFC1,,,,
00001B000000000309CEF0A662C1FFC1,3,35.42.40.174,139.45.29.928,0,00001B000000000309CEB9A662FBFFC1,00001B000000000309CEF0A662C37FC1,00001B000000000309CEED2662C17FC1,00001B000000000309CEF0A662B9FFC1,
00001B000000000309CEEA2662BA7FC1,3,35.42.38.888,139.45.28.416,0,00001B000000000309CEAFA662F7FFC1,00001B000000000309CEEAA662B6FFC1,00001B000000000309CEE42662B97FC1,,
00001B000000000309CEE9A662C0FFC1,3,35.42.38.792,139.45.29.791,0,00001B000000000309CEB32662FBFFC1,00001B000000000309CEEA2662BDFFC1,00001B000000000309CEE3A662C07FC1,,
00001B000000000309CEDD2662BF7FC1,3,35.42.36.284,139.45.29.446,0,00001B000000000309CEA92662FA7FC1,00001B000000000309CEDDA662BBFFC1,00001B000000000309CEDB2662BEFFC1,,
00001B000000000309CECFA662BCFFC1,3,35.42.33.564,139.45.28.985,0,00001B000000000309CE9A2662F7FFC1,00001B000000000309CECD2662BBFFC1,,,
00001B000000000309CECDA662C57FC1,3,35.42.33.164,139.45.30.651,0,00001B000000000309CE97A663007FC1,00001B000000000309CECD2662C87FC1,00001B000000000309CECA2662C47FC1,,
00001B000000000309CED5A662C6FFC1,3,35.42.34.738,139.45.30.987,0,00001B000000000309CE9B2663027FC1,00001B000000000309CED1A662C67FC1,,,
00001B000000000309CED5A662C8FFC1,3,35.42.34.726,139.45.31.342,0,00001B000000000309CE9B26630AFFC1,00001B000000000309CEDAA662C87FC1,00001B000000000309CED5A662C7FFC1,,
00001B000000000309CED52662D8FFC1,3,35.42.34.656,139.45.34.517,0,00001B000000000309CE9F2663127FC1,00001B000000000309CED52662D0FFC1,00001B000000000309CED2A662D8FFC1,,
00001B000000000309CEDEA662DAFFC1,3,35.42.36.503,139.45.34.928,0,00001B000000000309CEA4A66317FFC1,00001B000000000309CEE02662DA7FC1,00001B000000000309CEDE2662D97FC1,,
00001B000000000309CEDE2662D7FFC1,3,35.42.36.427,139.45.34.328,0,00001B000000000309CEA42663137FC1,00001B000000000309CED9A662D87FC1,00001B000000000309CEDE2662D7FFC2,,
00001B000000000309CECFA662D97FC1,3,35.42.33.551,139.45.34.668,0,00001B000000000309CE982663137FC1,00001B000000000309CECFA662DC7FC1,00001B000000000309CECBA662D9FFC1,,
00001B000000000309CEC72662DA7FC1,3,35.42.31.861,139.45.34.889,0,00001B000000000309CE912663147FC1,00001B000000000309CEC6A662DB7FC1,00001B000000000309CEC32662DA7FC1,00001B000000000309CEC82662D77FC1,
00001B000000000309CECC2662CB7FC1,3,35.42.32.885,139.45.31.806,0,00001B000000000309CE90A66309FFC1,00001B000000000309CECD2662C87FC1,,,
00001B000000000309CEC92662D47FC1,3,35.42.32.263,139.45.33.601,0,00001B000000000309CE8E2663117FC1,00001B000000000309CECAA662CFFFC1,00001B000000000309CEC5A662D27FC1,,
00001B000000000309CEC6A662DC7FC1,3,35.42.31.709,139.45.35.289,0,00001B000000000309CE8C266318FFC1,00001B000000000309CEC6A662DB7FC1,,,
00001B000000000309CEC62662E0FFC1,3,35.42.31.686,139.45.36.133,0,00001B000000000309CE8C26631D7FC1,00001B000000000309CEC62662DEFFC1,,,
00001B000000000309CEDFA662C7FFC1,3,35.42.36.725,139.45.31.175,0,00001B000000000309CEA5266309FFC1,00001B000000000309CEDAA662C87FC1,,,
00001B000000000309CEDEA662D77FC1,3,35.42.36.567,139.45.34.271,0,00001B000000000309CEA4266311FFC1,00001B000000000309CEDF2662CFFFC1,,,
00001B000000000309CEE82662CAFFC1,3,35.42.38.442,139.45.31.721,0,00001B000000000309CEAF26630E7FC1,,,,
00001B000000000309CEED2662D6FFC1,3,35.42.39.402,139.45.34.123,0,00001B000000000309CEB3266313FFC1,,,,
00001B000000000309CEDC2662E57FC1,3,35.42.36.020,139.45.37.035,0,00001B000000000309CEA626631E7FC1,00001B000000000309CED8A662E67FC1,,,
00001B000000000309CEE9A6628DFFC1,3,35.42.38.737,139.45.19.559,0,00001B000000000309CEAF2662C7FFC2,,,,
00001B000000000309CEE9A6628DFFC2,3,35.42.38.712,139.45.19.513,0,00001B000000000309CEAF2662C7FFC2,00001B000000000309CEE9A6628D7FC1,00001B000000000309CEE826628EFFC1,,
00001B000000000309CF142662A4FFC1,3,35.42.47.293,139.45.24.106,0,00001B000000000309CEDA2662DEFFC2,00001B000000000309CF152662A57FC1,,,
00001B000000000309CF142662A4FFC2,3,35.42.47.260,139.45.24.167,0,00001B000000000309CEDA2662DEFFC2,00001B000000000309CF132662A3FFC1,,,
00001B000000000309CEC72662E4FFC1,3,35.42.31.818,139.45.36.969,0,00001B000000000309CE8CA6631F7FC2,,,,
00001B000000000309CEC72662E57FC1,3,35.42.31.824,139.45.37.080,0,00001B000000000309CE92A6631EFFC1,00001B000000000309CEC72662E57FC2,00001B000000000309CEC6A662E57FC3,,
00001B000000000309CEB4A662DBFFC1,3,35.42.28.153,139.45.35.178,0,00001B000000000309CE7A2663167FC1,,,,
00001B000000000309CEB42662DBFFC1,3,35.42.28.039,139.45.35.171,0,00001B000000000309CE79A6631C7FC1,00001B000000000309CEB42662DBFFC2,00001B000000000309CEB42662D97FC1,,
00001B000000000309CEB02662D9FFC1,3,35.42.27.256,139.45.34.705,0,00001B000000000309CE75A66313FFC2,,,,
00001B000000000309CEAFA662D9FFC1,3,35.42.27.174,139.45.34.706,0,00001B000000000309CE75A66313FFC2,00001B000000000309CEAFA662D87FC1,00001B000000000309CEB02662DFFFC1,,
00001B000000000309CEE62662DE7FC1,3,35.42.38.085,139.45.35.684,0,00001B000000000309CEAC266318FFC3,,,,
00001B000000000309CEE62662DEFFC1,3,35.42.38.094,139.45.35.752,0,00001B000000000309CEAC266318FFC3,00001B000000000309CEE6A662DEFFC1,00001B000000000309CEE52662DF7FC1,,
00001B000000000309CF262662B0FFC1,3,35.42.50.835,139.45.26.571,0,00001B000000000309CEEE2662ECFFC1,00001B000000000309CF25A662B1FFC1,00001B000000000309CF26A662AFFFC1,,
00001B000000000309CF24A662B2FFC1,3,35.42.50.594,139.45.26.987,0,00001B000000000309CEEB2662EC7FC1,,,,
00001B000000000309CF0FA662A67FC1,3,35.42.46.392,139.45.24.457,0,00001B000000000309CED4A662E4FFC1,00001B000000000309CF112662A47FC1,,,
00001B000000000309CF0DA662AE7FC1,3,35.42.45.993,139.45.26.088,0,00001B000000000309CED7A662EAFFC1,00001B000000000309CF0D2662B1FFC1,00001B000000000309CF0B2662ADFFC1,00001B000000000309CF0EA662AA7FC1,
00001B000000000309CF0C2662B4FFC1,3,35.42.45.664,139.45.27.323,0,00001B000000000309CED1A662EF7FC1,00001B000000000309CF0DA662B57FC1,00001B000000000309CF0D2662B1FFC1,,
00001B000000000309CF0BA662B5FFC1,3,35.42.45.534,139.45.27.573,0,00001B000000000309CED0A662F0FFC1,00001B000000000309CF0D2662B7FFC1,00001B000000000309CF0BA662B57FC1,,
00001B000000000309CF0EA662B97FC1,3,35.42.46.146,139.45.28.295,0,00001B000000000309CED4A662F5FFC1,00001B000000000309CF0D2662B7FFC1,,,
00001B000000000309CF0EA662B5FFC1,3,35.42.46.145,139.45.27.543,0,00001B000000000309CED6A662F1FFC1,00001B000000000309CF0DA662B57FC1,,,
00001B000000000309CEF0A6629FFFC1,3,35.42.40.137,139.45.23.149,0,00001B000000000309CEB82662D9FFC1,00001B000000000309CEF0A6629F7FC1,00001B000000000309CEEFA6629FFFC1,,
00001B000000000309CEF12662C57FC1,3,35.42.40.205,139.45.30.622,0,00001B000000000309CEB9A662FF7FC1,00001B000000000309CEF0A662C37FC1,,,
00001B000000000309CF04A662A57FC1,3,35.42.44.142,139.45.24.246,0,00001B000000000309CECBA662DFFFC1,00001B000000000309CF032662A5FFC1,,,
00001B000000000309CF072662A57FC1,3,35.42.44.632,139.45.24.274,0,00001B000000000309CECBA662DFFFC1,,,,
00001B000000000309CF04A6629A7FC1,3,35.42.44.130,139.45.22.063,0,00001B000000000309CEC72662D17FC1,00001B000000000309CF052662997FC1,,,
00001B000000000309CF082662A87FC1,3,35.42.44.874,139.45.24.876,0,00001B000000000309CECE2662E4FFC1,,,,
00001B000000000309CF02A662C37FC1,3,35.42.43.725,139.45.30.251,0,00001B000000000309CEC62662FDFFC1,,,,
00001B000000000309CEE5A662D4FFC1,3,35.42.37.961,139.45.33.788,0,00001B000000000309CE9F2662F47FC1,00001B000000000309CEE6A662D9FFC1,,,
00001B000000000309CED02662DF7FC1,3,35.42.33.602,139.45.35.875,0,00001B000000000309CE95A66316FFC1,,,,
00001B000000000309CF3CA662C6FFC1,3,35.42.55.341,139.45.30.952,0,00001B000000000309CF00A66301FFC1,00001B000000000309CF3C2662C4FFC1,,,
00001B000000000309CEE22662D9FFC1,3,35.42.37.221,139.45.34.749,0,00001B000000000309CEA8266316FFC1,00001B000000000309CEE02662DA7FC1,,,
00001B000000000309CEC32662F0FFC1,3,35.42.31.078,139.45.39.366,0,00001B000000000309CE8D26632A7FC1,00001B000000000309CEC32662ED7FC1,00001B000000000309CEBCA662F1FFC1,,
00001B000000000309CED5A662EDFFC1,3,35.42.34.776,139.45.38.741,0,00001B000000000309CE96266328FFC1,00001B000000000309CED5A662EA7FC1,,,
00001B000000000309CEF4A662837FC1,3,35.42.40.999,139.45.17.416,0,00001B000000000309CEBBA662BD7FC1,00001B000000000309CEF4A66284FFC1,,,
00001B000000000309CED8A662BEFFC1,3,35.42.35.390,139.45.29.305,0,00001B000000000309CE9F2662F47FC1,00001B000000000309CEDB2662BEFFC1,00001B000000000309CED42662BDFFC1,,
00001B000000000309CEA1A662E17FC1,3,35.42.24.341,139.45.36.227,0,00001B000000000309CE67A6631FFFC1,00001B000000000309CEA1A662DEFFC1,,,
00001B000000000309CEABA662D9FFC1,3,35.42.26.300,139.45.34.795,0,00001B000000000309CE71266314FFC1,00001B000000000309CEA6A662DA7FC1,,,
00001B000000000309CEA1A662DAFFC1,3,35.42.24.351,139.45.34.999,0,00001B000000000309CE6C266314FFC1,00001B000000000309CEA1A662DBFFC1,,,
00001B000000000309CEADA66318FFC1,3,35.42.26.734,139.45.47.348,0,00001B000000000309CE73A663537FC1,00001B000000000309CEADA66316FFC1,,,
00001B000000000309CEC62662C3FFC1,3,35.42.31.682,139.45.30.342,0,00001B000000000309CE8C2662FDFFC2,00001B000000000309CEC42662CA7FC1,,,
00001B000000000309CEABA662DAFFC1,3,35.42.26.313,139.45.34.971,0,00001B000000000309CE71A66318FFC1,00001B000000000309CEABA662DA7FC1,,,
00001B000000000309CEC6266322FFC1,3,35.42.31.665,139.45.49.394,0,00001B000000000309CE8C26635CFFC1,00001B000000000309CEC6266323FFC1,,,
00001B000000000309CF16A662A3FFC1,3,35.42.47.750,139.45.23.909,0,00001B000000000309CEDEA662DF7FC1,00001B000000000309CF1A2662A6FFC1,00001B000000000309CF162662A4FFC1,00001B000000000309CF09A662987FC1,
00001B000000000309CF15A662A5FFC1,3,35.42.47.521,139.45.24.305,0,00001B000000000309CEDFA662E37FC1,00001B000000000309CF152662A57FC1,00001B000000000309CF162662A4FFC1,,
00001B000000000309CF132662C0FFC1,3,35.42.47.025,139.45.29.733,0,00001B000000000309CED72662FB7FC1,,,,
00001B000000000309CEF4A6629FFFC1,3,35.42.40.900,139.45.23.149,0,00001B000000000309CEBA2662DAFFC1,00001B000000000309CEF4266299FFC1,00001B000000000309CEF2A6629FFFC1,,
00001B000000000309CEF0A6629EFFC1,3,35.42.40.140,139.45.22.951,0,00001B000000000309CEB62662D97FC1,,,,
00001B000000000309CED6A662A2FFC1,3,35.42.34.945,139.45.23.753,0,00001B000000000309CE9D2662DBFFC1,00001B000000000309CED62662A3FFC1,,,
00001B000000000309CEB32662D5FFC1,3,35.42.27.881,139.45.33.991,0,00001B000000000309CE79266310FFC2,,,,
00001B000000000309CEB12662D4FFC1,3,35.42.27.480,139.45.33.720,0,00001B000000000309CE7626630EFFC1,,,,
00001B000000000309CEAF2662D4FFC1,3,35.42.27.089,139.45.33.736,0,00001B000000000309CE7626630EFFC1,00001B000000000309CEAF2662D5FFC1,,,
00001B000000000309CECB2662EFFFC1,3,35.42.32.616,139.45.39.106,0,00001B000000000309CE96266328FFC1,00001B000000000309CEC72662F07FC1,,,
00001B000000000309CEB5A662F37FC1,3,35.42.28.335,139.45.39.821,0,00001B000000000309CE7BA6632DFFC1,00001B000000000309CEBCA662F1FFC1,00001B000000000309CEB32662F37FC1,,
00001B000000000309CEAC2662F57FC1,3,35.42.26.439,139.45.40.247,0,00001B000000000309CE72A6632F7FC1,,,,
00001B000000000309CEAC2662E27FC1,3,35.42.26.473,139.45.36.457,0,00001B000000000309CE7226631FFFC1,00001B000000000309CEABA662DEFFC1,00001B000000000309CEABA662E27FC1,,
00001B000000000309CF192662ABFFC1,3,35.42.48.234,139.45.25.583,0,00001B000000000309CEDDA662E97FC1,00001B000000000309CF1A2662A97FC1,00001B000000000309CF1B2662AD7FC1,,
00001B000000000309CF232662BDFFC1,3,35.42.50.270,139.45.29.157,0,00001B000000000309CEE8A662F77FC1,,,,
00001B000000000309CEEC26628C7FC1,3,35.42.39.298,139.45.19.205,0,00001B000000000309CEB22662C67FC2,,,,
00001B000000000309CEEC26628BFFC1,3,35.42.39.271,139.45.19.133,0,00001B000000000309CEB32662C57FC1,00001B000000000309CEEC26628BFFC2,00001B000000000309CEEB26628C7FC1,,
00001B000000000309CEF3A662A1FFC1,3,35.42.40.781,139.45.23.537,0,00001B000000000309CEBA2662DBFFC2,,,,
00001B000000000309CEB32662D6FFC1,3,35.42.27.879,139.45.34.153,0,00001B000000000309CE79266310FFC2,00001B000000000309CEB3A662D6FFC1,00001B000000000309CEB12662D6FFC1,,
00001B000000000309CED3A662E77FC1,3,35.42.34.313,139.45.37.446,0,00001B000000000309CE99A663217FC1,00001B000000000309CECB2662E87FC1,00001B000000000309CED32662E57FC1,,
00001B000000000309CEE82662E27FC1,3,35.42.38.404,139.45.36.404,0,00001B000000000309CEACA6631CFFC1,00001B000000000309CEF4A662DEFFC1,00001B000000000309CEE7A662E07FC1,,
00001B000000000309CEE4A662E2FFC1,3,35.42.37.720,139.45.36.584,0,00001B000000000309CEAB26631CFFC1,00001B000000000309CEE02662E47FC1,00001B000000000309CEE42662E17FC1,,
00001B000000000309CEE42662DF7FC1,3,35.42.37.600,139.45.35.874,0,00001B000000000309CEAB2663197FC1,00001B000000000309CEE42662E17FC1,00001B000000000309CEE3A662DF7FC1,,
00001B000000000309CF012662DB7FC1,3,35.42.43.428,139.45.35.085,0,00001B000000000309CEBA266318FFC1,00001B000000000309CF00A662D9FFC1,00001B000000000309CF07A662D9FFC1,,
00001B000000000309CF11A662D77FC1,3,35.42.46.723,139.45.34.222,0,00001B000000000309CED6A663117FC1,00001B000000000309CF25A662D1FFC1,00001B000000000309CF112662D57FC1,,
00001B000000000309CF112662D3FFC1,3,35.42.46.634,139.45.33.524,0,00001B000000000309CED526630E7FC1,00001B000000000309CF112662D57FC1,00001B000000000309CF11A662D37FC1,,
00001B000000000309CF0E2662D47FC1,3,35.42.46.038,139.45.33.681,0,00001B000000000309CED2A6630EFFC1,00001B000000000309CF0E2662D67FC1,00001B000000000309CF0FA662D47FC1,,
00001B000000000309CF0EA662D7FFC1,3,35.42.46.153,139.45.34.370,0,00001B000000000309CECDA66313FFC1,00001B000000000309CF0FA662D7FFC1,00001B000000000309CF0E2662D67FC1,,
00001B000000000309CF1DA662AE7FC1,3,35.42.49.103,139.45.26.048,0,00001B000000000309CEE12662E77FC1,00001B000000000309CF1DA662AD7FC1,,,
00001B000000000309CF312662BC7FC1,3,35.42.53.084,139.45.28.873,0,00001B000000000309CEF7A662FA7FC1,00001B000000000309CF32A662BBFFC1,00001B000000000309CF312662BBFFC1,,
00001B000000000309CF342662BBFFC1,3,35.42.53.681,139.45.28.715,0,00001B000000000309CEF8A662F67FC1,00001B000000000309CF34A662BBFFC1,00001B000000000309CF342662BB7FC1,,
00001B000000000309CF332662C57FC1,3,35.42.53.424,139.45.30.627,0,00001B000000000309CEF92663027FC1,00001B000000000309CF362662C47FC1,00001B000000000309CF32A662C47FC1,,
00001B000000000309CF38A662C3FFC1,3,35.42.54.593,139.45.30.313,0,00001B000000000309CEFBA662FEFFC1,00001B000000000309CF392662C3FFC1,00001B000000000309CF38A662C37FC1,,
00001B000000000309CF32A662C37FC1,3,35.42.53.352,139.45.30.256,0,00001B000000000309CEF62662FE7FC1,00001B000000000309CF32A662C47FC1,00001B000000000309CF322662BFFFC1,,
00001B000000000309CF22A662C3FFC1,3,35.42.50.198,139.45.30.325,0,00001B000000000309CEE5A662FE7FC1,00001B000000000309CF232662C6FFC1,00001B000000000309CF22A662C07FC1,,
00001B000000000309CF1D2662C4FFC1,3,35.42.49.065,139.45.30.508,0,00001B000000000309CEE3266301FFC1,00001B000000000309CF202662C47FC1,00001B000000000309CF1D2662C2FFC1,,
00001B000000000309CEA7A662EEFFC1,3,35.42.25.550,139.45.38.938,0,00001B000000000309CE6DA66328FFC3,,,,
00001B000000000309CEB9A66321FFC1,3,35.42.29.133,139.45.49.132,0,00001B000000000309CE7F26635C7FC2,,,,
00001B000000000309CEB9A66321FFC2,3,35.42.29.133,139.45.49.194,0,00001B000000000309CE85A6635C7FC1,00001B000000000309CEB9A66321FFC3,00001B000000000309CEB5A663227FC1,,
00001B000000000309CEAAA662E77FC1,3,35.42.26.136,139.45.37.467,0,00001B000000000309CE71A663227FC1,,,,
00001B000000000309CEA1A662DC7FC1,3,35.42.24.349,139.45.35.280,0,00001B000000000309CE67A66318FFC1,00001B000000000309CEA1A662DBFFC1,,,
00001B000000000309CEAC2662EDFFC1,3,35.42.26.477,139.45.38.744,0,00001B000000000309CE6FA663287FC1,00001B000000000309CEAD2662EDFFC1,00001B000000000309CEAC2662EE7FC2,,
00001B000000000309CEAC2662EE7FC1,3,35.42.26.474,139.45.38.866,0,00001B000000000309CE722663287FC1,,,,
00001B000000000309CEAB2662E27FC1,3,35.42.26.250,139.45.36.470,0,00001B000000000309CE71A6631CFFC1,,,,
00001B000000000309CEB5A662F3FFC1,3,35.42.28.352,139.45.39.967,0,00001B000000000309CE7BA6632DFFC1,,,,
00001B000000000309CEA42662EA7FC1,3,35.42.24.806,139.45.38.021,0,00001B000000000309CE69A663247FC2,00001B000000000309CEA5A662E9FFC1,00001B000000000309CEA32662EA7FC1,,
00001B000000000309CEA42662E9FFC1,3,35.42.24.800,139.45.37.933,0,00001B000000000309CE69A663247FC2,,,,
00001B000000000309CEA72662E9FFC1,3,35.42.25.461,139.45.37.920,0,00001B000000000309CE6FA663237FC1,00001B000000000309CEA72662E97FC2,00001B000000000309CEA5A662E9FFC1,,
00001B000000000309CEA72662E97FC1,3,35.42.25.464,139.45.37.801,0,00001B000000000309CE6D266323FFC2,,,,
00001B000000000309CED4A662E37FC1,3,35.42.34.575,139.45.36.638,0,00001B000000000309CE9FA6631C7FC1,00001B000000000309CED4A662E37FC2,00001B000000000309CED42662E37FC1,,
00001B000000000309CED4A662E2FFC1,3,35.42.34.568,139.45.36.581,0,00001B000000000309CE9AA6631D7FC3,,,,
00001B000000000309CF01A662B87FC1,3,35.42.43.512,139.45.28.005,0,00001B000000000309CEC7A662F27FC2,,,,
00001B000000000309CF022662B7FFC1,3,35.42.43.600,139.45.27.997,0,00001B000000000309CEC72662EEFFC1,00001B000000000309CF01A662B87FC2,00001B000000000309CF022662BAFFC1,,
00001B000000000309CF00A662D6FFC1,3,35.42.43.306,139.45.34.121,0,00001B000000000309CEC6266311FFC1,,,,
