link_id,src_node_id,dst_node_id,link_type,供用開始時間,供用終了時間,供用開始日,供用終了日,供用制限曜日,方向性,通行制限,width,有効幅員緯度,有効幅員経度,hill,縦断勾配1緯度,縦断勾配1経度,縦断勾配2,横断勾配,横断勾配緯度,横断勾配経度,路面状況,gap,gap_latitude,gap_longitude,steps,最大階段段数,手すり,屋根の有無,蓋のない溝、水路の有無,bus_stop,bus_stop_latitude,bus_stop_longitude,blind_guide,補助施設の設置状況,補助施設の緯度,補助施設の経度,エレベーター種別,エレベーターの緯度,エレベーターの経度,signals,信号の緯度,信号の経度,信号種別,日交通量,主な利用者,street_name,エスコートゾーン,length
00001B000000000309CECB2662E87FC1,00001B000000000309CEC32662E9FFC1,00001B000000000309CED3A662E77FC1,1,,,,,,0,0,3,35.42.32.677,139.45.37.691,3.5,35.42.32.820,139.45.37.675,0,0,,,0,0,,,0,0,0,0,0,0,,,1,0,,,0,,,3,35.42.34.317,139.45.37.450,0,,0,本郷通り,0,101.6
00001B000000000309CEB9A662EB7FC1,00001B000000000309CEB12662EC7FC1,00001B000000000309CEC22662E9FFC1,1,,,,,,0,0,3,35.42.29.119,139.45.38.229,3.5,35.42.29.310,139.45.38.189,0,0,,,0,0,,,0,0,0,0,0,0,,,1,0,,,0,,,3,35.42.27.419,139.45.38.489,1,,0,本郷通り,0,105.8
00001B000000000309CEB0A662EA7FC1,00001B000000000309CEB0A662E87FC1,00001B000000000309CEB12662EC7FC1,5,,,,,,0,0,3,35.42.27.385,139.45.38.065,0,,,0,0,,,0,0,,,0,0,0,0,0,0,,,0,0,,,0,,,3,35.42.27.357,139.45.37.648,1,,0,春日通り,0,21.4
00001B000000000309CEB6A662E7FFC1,00001B000000000309CEB42662E87FC1,00001B000000000309CEB9A662E77FC1,1,,,,,,0,0,3,35.42.28.593,139.45.37.562,0,,,0,0,,,0,0,,,0,0,0,0,0,0,,,1,0,,,0,,,0,,,0,,0,本郷通り,0,32.6
00001B000000000309CEC0A662E67FC1,00001B000000000309CEBB2662E77FC1,00001B000000000309CEC62662E5FFC2,1,,,,,,0,0,3,35.42.30.508,139.45.37.274,3.5,35.42.30.396,139.45.37.300,0,0,,,0,0,,,0,0,0,0,0,0,,,1,0,,,0,,,0,,,0,,0,本郷通り,0,67.9
00001B000000000309CECD2662E4FFC1,00001B000000000309CEC72662E57FC1,00001B000000000309CED32662E3FFC1,1,,,,,,0,0,3,35.42.33.035,139.45.36.901,0,,,0,0,,,0,0,,,0,0,0,0,0,0,,,1,0,,,0,,,3,35.42.34.241,139.45.36.722,0,,0,本郷通り,0,75.2
00001B000000000309CED9A662E1FFC1,00001B000000000309CED4A662E37FC1,00001B000000000309CEDF2662E0FFC2,1,,,,,,0,0,3,35.42.35.592,139.45.36.380,0,,,0,0,,,0,0,,,0,0,0,0,0,1,35.42.36.165,139.45.36.245,0,0,,,0,,,0,,,0,,0,本郷通り,0,64
00001B000000000309CEE52662DF7FC1,00001B000000000309CEE42662DF7FC1,00001B000000000309CEE62662DEFFC1,1,,,,,,0,0,3,35.42.37.847,139.45.35.813,0,,,0,0,,,0,0,,,0,0,0,0,0,0,,,1,0,,,0,,,3,35.42.37.603,139.45.35.869,0,,0,本郷通り,0,15.5
00001B000000000309CEE92662DE7FC1,00001B000000000309CEEAA662DDFFC1,00001B000000000309CEE72662DEFFC1,1,,,,,,0,0,3,35.42.38.638,139.45.35.616,0,,,0,0,,,0,0,,,0,0,0,0,0,0,,,1,0,,,0,,,3,35.42.38.288,139.45.35.701,0,,0,本郷通り,0,22.1
00001B000000000309CEEC2662DD7FC1,00001B000000000309CEEDA662DCFFC1,00001B000000000309CEEAA662DDFFC1,1,,,,,,0,0,3,35.42.39.292,139.45.35.453,0,,,0,0,,,0,0,,,0,0,0,0,0,0,,,1,0,,,0,,,0,,,0,,0,本郷通り,0,19
00001B000000000309CEF42662DB7FC1,00001B000000000309CEFAA662D9FFC1,00001B000000000309CEEDA662DCFFC1,1,,,,,,0,0,3,35.42.40.879,139.45.35.040,0,,,0,0,,,0,0,,,0,0,0,0,0,0,,,1,0,,,0,,,0,,,0,,0,本郷通り,0,81
00001B000000000309CEFD2662D8FFC1,00001B000000000309CEFF2662D87FC1,00001B000000000309CEFB2662D97FC2,1,,,,,,0,0,3,35.42.42.661,139.45.34.570,0,,,0,0,,,0,0,,,0,0,0,0,0,0,,,1,0,,,0,,,0,,,0,,0,本郷通り,0,23.7
00001B000000000309CF36A662C9FFC1,00001B000000000309CF392662C8FFC1,00001B000000000309CF34A662CA7FC1,1,,,,,,0,0,3,35.42.54.169,139.45.31.534,0,,,0,0,,,0,0,,,0,0,0,0,0,0,,,1,0,,,0,,,3,35.42.54.640,139.45.31.383,1,,0,本郷通り,0,29.1
00001B000000000309CF31A662CB7FC1,00001B000000000309CF33A662CAFFC1,00001B000000000309CF2F2662CBFFC2,1,,,,,,0,0,3,35.42.53.135,139.45.31.837,0,,,0,0,,,0,0,,,0,0,0,0,0,0,,,1,0,,,0,,,0,,,0,,0,本郷通り,0,27.6
00001B000000000309CF29A662CD7FC1,00001B000000000309CF2EA662CBFFC1,00001B000000000309CF24A662CE7FC1,1,,,,,,0,0,3,35.42.51.579,139.45.32.240,0,,,0,0,,,0,0,,,0,0,0,0,0,0,,,1,0,,,0,,,0,,,0,,0,本郷通り,0,63.2
00001B000000000309CF202662CFFFC1,00001B000000000309CF242662CEFFC1,00001B000000000309CF1BA662D0FFC1,1,,,,,,0,0,3,35.42.49.623,139.45.32.746,0,,,0,0,,,0,0,,,0,0,0,0,0,0,,,1,0,,,0,,,0,,,0,,0,本郷通り,0,52.5
00001B000000000309CF172662D27FC1,00001B000000000309CF1B2662D17FC1,00001B000000000309CF13A662D2FFC1,1,,,,,,0,0,3,35.42.47.865,139.45.33.203,0,,,0,0,,,0,0,,,0,0,0,0,0,0,,,1,0,,,0,,,0,,,0,,0,本郷通り,0,47.4
00001B000000000309CF0FA662D47FC1,00001B000000000309CF112662D3FFC1,00001B000000000309CF0E2662D47FC1,1,,,,,,0,0,3,35.42.46.336,139.45.33.602,0,,,0,0,,,0,0,,,0,0,0,0,0,0,,,1,0,,,0,,,3,35.42.46.043,139.45.33.680,1,,0,本郷通り,0,18.8
00001B000000000309CF05A662D6FFC1,00001B000000000309CF0AA662D57FC1,00001B000000000309CF00A662D7FFC1,1,,,,,,0,0,3,35.42.44.331,139.45.34.129,0,,,0,0,,,0,0,,,0,0,0,0,0,1,35.42.44.168,139.45.34.214,1,0,,,0,,,3,35.42.43.315,139.45.34.395,0,,0,本郷通り,0,64.4
00001B000000000309CF39A662CAFFC1,00001B000000000309CF392662C8FFC1,00001B000000000309CF39A662CCFFC1,5,,,,,,0,0,3,35.42.54.702,139.45.31.761,0,,,0,0,,,0,0,,,0,0,0,0,0,0,,,1,0,,,0,,,3,35.42.54.640,139.45.31.383,1,,0,本郷通り,0,19.4
00001B000000000309CF392662C87FC1,00001B000000000309CF392662C7FFC1,00001B000000000309CF392662C8FFC1,1,,,,,,0,0,3,35.42.54.660,139.45.31.288,0,,,0,0,,,0,0,,,0,0,0,0,0,0,,,1,0,,,0,,,3,35.42.54.696,139.45.31.190,1,,0,本郷通り,0,5.4
00001B000000000309CF25A662D1FFC1,00001B000000000309CF39A662CCFFC1,00001B000000000309CF11A662D77FC1,1,,,,,,0,0,3,35.42.50.751,139.45.33.179,0,,,0,0,,,0,0,,,0,0,0,0,0,0,,,1,0,,,0,,,3,35.42.54.789,139.45.32.138,1,,0,本郷通り,0,253.7
00001B000000000309CEF4A662DEFFC1,00001B000000000309CF012662DB7FC1,00001B000000000309CEE82662E27FC1,1,,,,,,0,0,3,35.42.40.916,139.45.35.745,0,,,0,0,,,0,0,,,0,0,0,0,0,0,,,1,0,,,0,,,3,35.42.38.404,139.45.36.410,0,,0,本郷通り,0,158.3
00001B000000000309CF292662AFFFC1,00001B000000000309CF26A662AF7FC1,00001B000000000309CF2B2662B07FC1,1,,,,,,0,0,3,35.42.51.432,139.45.26.342,3.5,35.42.51.696,139.45.26.413,0,0,,,0,0,,,0,0,0,0,0,0,,,0,0,,,0,,,0,,,0,,0,,0,28.7
00001B000000000309CF222662ADFFC1,00001B000000000309CF1DA662ACFFC1,00001B000000000309CF26A662AF7FC1,1,,,,,,0,0,3,35.42.50.085,139.45.25.957,3.5,35.42.50.099,139.45.25.945,0,0,,,0,0,,,0,0,0,0,0,0,,,0,0,,,0,,,0,,,0,,0,,0,56.6
00001B000000000309CF19A662A97FC1,00001B000000000309CF1DA662ACFFC1,00001B000000000309CF15A662A5FFC1,1,,,,,,0,0,2,35.42.48.356,139.45.25.002,0,,,0,0,,,0,0,,,0,0,0,0,0,1,35.42.47.989,139.45.24.688,0,0,,,0,,,2,35.42.47.528,139.45.24.303,0,,0,,0,62.3
00001B000000000309CED4A662E77FC2,00001B000000000309CED4A662E77FC1,00001B000000000309CED52662E6FFC1,5,,,,,,0,0,3,35.42.34.596,139.45.37.404,0,,,0,0,,,0,0,,,0,0,0,0,0,0,,,0,0,,,0,,,0,,,0,,0,本郷通り,0,4.4
00001B000000000309CEC22662E9FFC2,00001B000000000309CEC22662E9FFC1,00001B000000000309CEC2A662E9FFC1,5,,,,,,0,0,3,35.42.30.883,139.45.37.959,0,,,0,0,,,0,0,,,0,0,0,0,0,0,,,0,0,,,0,,,0,,,0,,0,本郷通り,0,3.8
00001B000000000309CEB3A662E87FC1,00001B000000000309CEB32662E87FC1,00001B000000000309CEB42662E87FC1,4,,,,,,0,0,3,35.42.27.974,139.45.37.657,7,35.42.28.039,139.45.37.648,0,0,,,0,0,,,0,0,0,0,0,0,,,0,0,,,0,,,0,,,0,,0,本郷通り,0,5.9
00001B000000000309CEB22662E87FC1,00001B000000000309CEB0A662E87FC1,00001B000000000309CEB32662E87FC1,1,,,,,,0,0,3,35.42.27.617,139.45.37.657,5.2,35.42.27.432,139.45.37.646,0,0,,,0,0,,,0,0,0,0,0,0,,,1,0,,,0,,,3,35.42.27.357,139.45.37.648,1,,0,本郷通り,0,16.2
00001B000000000309CEBA2662E77FC1,00001B000000000309CEB9A662E77FC1,00001B000000000309CEBAA662E77FC1,5,,,,,,0,0,3,35.42.29.241,139.45.37.463,3.5,35.42.29.144,139.45.37.478,0,0,,,0,0,,,0,0,0,0,0,0,,,0,0,,,0,,,0,,,0,,0,本郷通り,0,7.6
00001B000000000309CEBAA662E77FC2,00001B000000000309CEBAA662E77FC1,00001B000000000309CEBB2662E77FC1,5,,,,,,0,0,3,35.42.29.389,139.45.37.440,7,35.42.29.403,139.45.37.438,0,0,,,0,0,,,0,0,0,0,0,0,,,1,0,,,0,,,0,,,0,,0,本郷通り,0,1.6
00001B000000000309CEC6A662E57FC2,00001B000000000309CEC62662E5FFC1,00001B000000000309CEC6A662E57FC1,4,,,,,,0,0,3,35.42.31.728,139.45.37.094,0,,,0,0,,,0,1,35.42.31.754,139.45.37.090,0,0,0,0,0,0,,,0,0,,,0,,,0,,,0,,0,本郷通り,0,2.5
00001B000000000309CEC62662E5FFC3,00001B000000000309CEC62662E5FFC2,00001B000000000309CEC62662E5FFC1,4,,,,,,0,0,3,35.42.31.645,139.45.37.106,0,,,0,0,,,0,1,35.42.31.619,139.45.37.111,0,0,0,0,0,0,,,0,0,,,0,,,0,,,0,,0,本郷通り,0,2.7
00001B000000000309CEDFA662E07FC2,00001B000000000309CEDF2662E0FFC1,00001B000000000309CEDFA662E07FC1,4,,,,,,0,0,3,35.42.36.719,139.45.36.094,0,,,0,0,,,0,1,35.42.36.742,139.45.36.089,0,0,0,0,0,0,,,0,0,,,0,,,0,,,0,,0,本郷通り,0,2.2
00001B000000000309CEDF2662E0FFC3,00001B000000000309CEDF2662E0FFC2,00001B000000000309CEDF2662E0FFC1,4,,,,,,0,0,3,35.42.36.647,139.45.36.112,0,,,0,0,,,0,1,35.42.36.630,139.45.36.118,0,0,0,0,0,0,,,0,0,,,0,,,0,,,0,,0,本郷通り,0,2.4
00001B000000000309CEFB2662D97FC3,00001B000000000309CEFB2662D97FC2,00001B000000000309CEFB2662D97FC1,4,,,,,,0,0,3,35.42.42.254,139.45.34.679,0,,,0,0,,,0,1,35.42.42.255,139.45.34.680,0,0,0,0,0,0,,,0,0,,,0,,,0,,,0,,0,本郷通り,0,2
00001B000000000309CEFAA662D97FC1,00001B000000000309CEFB2662D97FC1,00001B000000000309CEFAA662D9FFC1,4,,,,,,0,0,3,35.42.42.194,139.45.34.695,0,,,0,0,,,0,1,35.42.42.195,139.45.34.696,0,0,0,0,0,0,,,0,0,,,0,,,0,,,0,,0,本郷通り,0,1.8
00001B000000000309CF002662D87FC1,00001B000000000309CF00A662D7FFC1,00001B000000000309CEFFA662D87FC1,4,,,,,,0,0,3,35.42.43.247,139.45.34.414,0,,,0,0,,,0,1,35.42.43.248,139.45.34.415,0,0,0,0,0,0,,,0,0,,,0,,,3,35.42.43.315,139.45.34.395,0,,0,本郷通り,0,4
00001B000000000309CEFFA662D87FC2,00001B000000000309CEFFA662D87FC1,00001B000000000309CEFF2662D87FC1,4,,,,,,0,0,3,35.42.43.110,139.45.34.450,0,,,0,0,,,0,1,35.42.43.111,139.45.34.451,0,0,0,0,0,0,,,0,0,,,0,,,0,,,0,,0,本郷通り,0,4.6
00001B000000000309CF0B2662D57FC3,00001B000000000309CF0B2662D57FC2,00001B000000000309CF0B2662D57FC1,4,,,,,,0,0,3,35.42.45.454,139.45.33.835,0,,,0,0,,,0,1,35.42.45.467,139.45.33.833,0,0,0,0,0,0,,,0,0,,,0,,,0,,,0,,0,本郷通り,0,1.9
00001B000000000309CF0AA662D57FC2,00001B000000000309CF0B2662D57FC1,00001B000000000309CF0AA662D57FC1,4,,,,,,0,0,3,35.42.45.389,139.45.33.852,0,,,0,0,,,0,1,35.42.45.370,139.45.33.859,0,0,0,0,0,0,,,0,0,,,0,,,0,,,0,,0,本郷通り,0,2.3
00001B000000000309CF132662D37FC2,00001B000000000309CF13A662D2FFC1,00001B000000000309CF132662D37FC1,5,,,,,,0,0,3,35.42.47.058,139.45.33.412,0,,,0,0,,,0,1,35.42.47.100,139.45.33.402,0,0,0,0,0,0,,,0,0,,,0,,,0,,,0,,0,本郷通り,0,3.5
00001B000000000309CF12A662D37FC1,00001B000000000309CF132662D37FC1,00001B000000000309CF122662D37FC1,5,,,,,,0,0,3,35.42.46.950,139.45.33.441,0,,,0,0,,,0,1,35.42.46.923,139.45.33.449,0,0,0,0,0,0,,,0,0,,,0,,,0,,,0,,0,本郷通り,0,3.3
00001B000000000309CF1BA662D0FFC2,00001B000000000309CF1BA662D0FFC1,00001B000000000309CF1B2662D0FFC1,4,,,,,,0,0,3,35.42.48.742,139.45.32.976,0,,,0,0,,,0,1,35.42.48.777,139.45.32.969,0,0,0,0,0,0,,,0,0,,,0,,,0,,,0,,0,本郷通り,0,3
00001B000000000309CF1B2662D0FFC2,00001B000000000309CF1B2662D0FFC1,00001B000000000309CF1B2662D17FC1,4,,,,,,0,0,3,35.42.48.655,139.45.32.999,0,,,0,0,,,0,1,35.42.48.637,139.45.33.004,0,0,0,0,0,0,,,0,0,,,0,,,0,,,0,,0,本郷通り,0,2.4
00001B000000000309CF24A662CEFFC2,00001B000000000309CF24A662CE7FC1,00001B000000000309CF24A662CEFFC1,4,,,,,,0,0,3,35.42.50.544,139.45.32.505,0,,,0,0,,,0,1,35.42.50.566,139.45.32.501,0,0,0,0,0,0,,,0,0,,,0,,,0,,,0,,0,本郷通り,0,1.9
00001B000000000309CF242662CEFFC2,00001B000000000309CF24A662CEFFC1,00001B000000000309CF242662CEFFC1,4,,,,,,0,0,3,35.42.50.484,139.45.32.520,0,,,0,0,,,0,1,35.42.50.470,139.45.32.526,0,0,0,0,0,0,,,0,0,,,0,,,0,,,0,,0,本郷通り,0,1.8
00001B000000000309CF2F2662CBFFC3,00001B000000000309CF2F2662CBFFC2,00001B000000000309CF2F2662CBFFC1,4,,,,,,0,0,3,35.42.52.673,139.45.31.960,0,,,0,0,,,0,1,35.42.52.693,139.45.31.956,0,0,0,0,0,0,,,1,0,,,0,,,0,,,0,,0,本郷通り,0,1.5
00001B000000000309CF2F2662CBFFC4,00001B000000000309CF2F2662CBFFC1,00001B000000000309CF2EA662CBFFC1,4,,,,,,0,0,3,35.42.52.616,139.45.31.975,0,,,0,0,,,0,1,35.42.52.594,139.45.31.982,0,0,0,0,0,0,,,1,0,,,0,,,0,,,0,,0,本郷通り,0,2.1
00001B000000000309CF342662CA7FC1,00001B000000000309CF34A662CA7FC1,00001B000000000309CF342662CAFFC1,5,,,,,,0,0,3,35.42.53.673,139.45.31.693,0,,,0,0,,,0,1,35.42.53.713,139.45.31.683,0,0,0,0,0,0,,,0,0,,,0,,,0,,,0,,0,本郷通り,0,2.5
00001B000000000309CF342662CAFFC2,00001B000000000309CF342662CAFFC1,00001B000000000309CF33A662CAFFC1,5,,,,,,0,0,3,35.42.53.603,139.45.31.712,0,,,0,0,,,0,1,35.42.53.583,139.45.31.719,0,0,0,0,0,0,,,0,0,,,0,,,0,,,0,,0,本郷通り,0,1.9
00001B000000000309CF38A662C37FC1,00001B000000000309CF38A662C2FFC1,00001B000000000309CF38A662C3FFC1,1,,,,,,0,0,3,35.42.54.578,139.45.30.238,5.2,35.42.54.585,139.45.30.265,0,0,,,0,0,,,0,0,0,0,0,0,,,0,0,,,0,,,0,,,0,,0,,0,3.8
00001B000000000309CF392662C5FFC1,00001B000000000309CF392662C47FC1,00001B000000000309CF392662C7FFC1,1,,,,,,0,0,3,35.42.54.654,139.45.30.799,3.5,35.42.54.651,139.45.30.755,0,0,,,0,0,,,0,0,0,0,0,0,,,0,0,,,0,,,3,35.42.54.696,139.45.31.190,1,,0,,0,19.8
00001B000000000309CF36A662BF7FC1,00001B000000000309CF34A662BC7FC1,00001B000000000309CF38A662C2FFC1,1,,,,,,0,0,3,35.42.54.168,139.45.29.496,5.2,35.42.54.245,139.45.29.572,0,0,,,0,0,,,0,0,0,0,0,0,,,0,0,,,0,,,0,,,0,,0,,0,41.5
00001B000000000309CF342662BB7FC1,00001B000000000309CF33A662BB7FC1,00001B000000000309CF342662BBFFC1,1,,,,,,0,0,3,35.42.53.635,139.45.28.658,3.5,35.42.53.615,139.45.28.630,0,0,,,0,0,,,0,0,0,0,0,0,,,0,0,,,0,,,0,,,0,,0,,0,4
00001B000000000309CF312662B6FFC1,00001B000000000309CF30A662B67FC1,00001B000000000309CF312662B77FC1,5,,,,,,0,0,3,35.42.53.021,139.45.27.770,0,,,0,0,,,0,0,,,0,0,0,0,0,0,,,0,0,,,0,,,0,,,0,,0,,0,5.7
00001B000000000309CF32A662B97FC1,00001B000000000309CF312662B77FC1,00001B000000000309CF33A662BB7FC1,1,,,,,,0,0,2,35.42.53.334,139.45.28.229,3.5,35.42.53.353,139.45.28.255,0,0,,,0,0,,,0,0,0,0,0,0,,,0,0,,,0,,,0,,,0,,0,,0,24.4
00001B000000000309CF2F2662B47FC1,00001B000000000309CF2DA662B27FC1,00001B000000000309CF302662B5FFC1,1,,,,,,0,0,3,35.42.52.617,139.45.27.202,0,,,0,0,,,0,0,,,0,0,0,0,0,0,,,0,0,,,0,,,0,,,0,,0,,0,22.3
00001B000000000309CF2D2662B1FFC2,00001B000000000309CF2D2662B1FFC1,00001B000000000309CF2DA662B1FFC1,5,,,,,,0,0,3,35.42.52.271,139.45.26.749,0,35.42.52.274,139.45.26.749,0,0,,,0,0,,,0,0,0,0,0,0,,,0,0,,,0,,,2,35.42.52.232,139.45.26.719,0,,0,,0,3.1
00001B000000000309CF2C2662B0FFC1,00001B000000000309CF2B2662B07FC1,00001B000000000309CF2D2662B1FFC1,1,,,,,,0,0,3,35.42.52.057,139.45.26.594,3.5,35.42.52.129,139.45.26.643,0,0,,,0,0,,,0,0,0,0,0,0,,,0,0,,,0,,,2,35.42.52.232,139.45.26.719,0,,0,,0,12.2
00001B000000000309CF0C26629D7FC1,00001B000000000309CF06266297FFC1,00001B000000000309CF122662A2FFC1,1,,,,,,0,0,2,35.42.45.624,139.45.22.644,0,,,0,0,,,0,0,,,0,0,0,0,0,0,,,0,0,,,0,,,0,,,0,,0,,0,91.4
00001B000000000309CEF7A66289FFC1,00001B000000000309CEF6266287FFC1,00001B000000000309CEF926628C7FC1,1,,,,,,0,0,3,35.42.41.544,139.45.18.793,0,,,0,0,,,0,0,,,0,0,0,0,0,1,35.42.41.386,139.45.18.452,0,0,,,0,,,0,,,0,,0,,0,27.1
00001B000000000309CEFB26628E7FC1,00001B000000000309CEF926628C7FC1,00001B000000000309CEFDA662907FC1,1,,,,,,0,0,2,35.42.42.287,139.45.19.621,0,,,0,0,,,0,0,,,0,0,0,0,0,0,,,0,0,,,0,,,0,,,0,,0,,0,35.1
00001B000000000309CF022662947FC1,00001B000000000309CEFEA662917FC1,00001B000000000309CF06266297FFC1,1,,,,,,0,0,2,35.42.43.669,139.45.20.898,0,,,0,0,,,0,0,,,0,0,0,0,0,0,,,0,0,,,0,,,0,,,0,,0,,0,57.7
00001B000000000309CEF5A66287FFC1,00001B000000000309CEF5266287FFC1,00001B000000000309CEF6266287FFC1,1,,,,,,0,0,3,35.42.41.131,139.45.18.361,0,,,0,0,,,0,0,,,0,0,0,0,0,0,,,0,0,,,0,,,0,,,0,,0,,0,7.8
00001B000000000309CEF42662887FC1,00001B000000000309CEF3A66288FFC1,00001B000000000309CEF5266287FFC1,1,,,,,,0,0,2,35.42.40.868,139.45.18.422,0,,,0,0,,,0,0,,,0,0,0,0,0,0,,,0,0,,,0,,,0,,,0,,0,菊坂通り,0,9.4
00001B000000000309CEE12662E07FC1,00001B000000000309CEDFA662E07FC1,00001B000000000309CEE32662DFFFC1,1,,,,,,0,0,3,35.42.37.082,139.45.36.003,0,,,0,0,,,0,0,,,0,0,0,0,0,0,,,1,0,,,0,,,0,,,0,,0,本郷通り,0,20.6
00001B000000000309CEFE266290FFC2,00001B000000000309CEFE266290FFC1,00001B000000000309CEFEA662917FC1,4,,,,,,0,0,3,35.42.42.875,139.45.20.171,0,,,0,0,,,0,0,,,0,0,0,0,0,0,,,0,0,,,0,,,0,,,0,,0,,0,3.3
00001B000000000309CEFDA662907FC2,00001B000000000309CEFDA662907FC1,00001B000000000309CEFE266290FFC1,4,,,,,,0,0,3,35.42.42.788,139.45.20.085,0,,,0,0,,,0,0,,,0,0,0,0,0,0,,,0,0,,,0,,,0,,,0,,0,,0,3.5
00001B000000000309CEF3266288FFC1,00001B000000000309CEF2A662897FC1,00001B000000000309CEF3A66288FFC1,4,,,,,,0,0,2,35.42.40.646,139.45.18.553,0,,,0,0,,,0,0,,,0,0,0,0,0,0,,,0,0,,,0,,,0,,,0,,0,菊坂通り,0,5.8
00001B000000000309CEF0A66289FFC1,00001B000000000309CEEF26628A7FC1,00001B000000000309CEF2A662897FC1,1,,,,,,0,0,1,35.42.40.183,139.45.18.732,3.5,35.42.40.218,139.45.18.718,0,0,,,0,0,,,0,0,0,0,0,0,,,0,0,,,0,,,0,,,0,,0,菊坂通り,0,24.2
00001B000000000309CEEEA6628A7FC2,00001B000000000309CEEEA6628A7FC1,00001B000000000309CEEF26628A7FC1,4,,,,,,0,0,2,35.42.39.762,139.45.18.874,0,,,0,0,,,0,0,,,0,0,0,0,0,0,,,0,0,,,0,,,0,,,0,,0,菊坂通り,0,2.7
00001B000000000309CEEE26628A7FC1,00001B000000000309CEEE26628AFFC1,00001B000000000309CEEEA6628A7FC1,4,,,,,,0,0,2,35.42.39.672,139.45.18.899,0,,,0,0,,,0,0,,,0,0,0,0,0,0,,,0,0,,,0,,,0,,,0,,0,菊坂通り,0,2.9
00001B000000000309CEEB26628C7FC1,00001B000000000309CEEA26628CFFC1,00001B000000000309CEEC26628BFFC1,4,,,,,,0,0,2,35.42.39.073,139.45.19.256,3.5,35.42.38.915,139.45.19.355,0,0,,,0,0,,,0,0,0,0,0,0,,,0,0,,,0,,,0,,,0,,0,菊坂通り,0,13.6
00001B000000000309CEE826628EFFC1,00001B000000000309CEE726628FFFC1,00001B000000000309CEE9A6628DFFC2,1,,,,,,0,0,2,35.42.38.489,139.45.19.710,5.2,35.42.38.400,139.45.19.786,0,0,,,0,0,,,0,0,0,0,0,0,,,0,0,,,0,,,0,,,0,,0,菊坂通り,0,16.9
00001B000000000309CEE6A662907FC1,00001B000000000309CEE5A662917FC1,00001B000000000309CEE726628FFFC1,1,,,,,,0,0,2,35.42.38.107,139.45.20.058,5.2,35.42.38.106,139.45.20.047,0,0,,,0,0,,,0,0,0,0,0,0,,,0,0,,,0,,,0,,,0,,0,菊坂通り,0,12.4
00001B000000000309CEE2266294FFC1,00001B000000000309CEDEA66298FFC1,00001B000000000309CEE5A662917FC1,1,,,,,,0,0,2,35.42.37.254,139.45.20.960,0,,,0,0,,,0,0,,,0,0,0,0,0,0,,,0,0,,,0,,,0,,,0,,0,菊坂通り,0,57.1
00001B000000000309CEDC26629BFFC1,00001B000000000309CED926629EFFC1,00001B000000000309CEDEA66298FFC1,1,,,,,,0,0,2,35.42.36.012,139.45.22.353,0,,,0,0,,,0,0,,,0,0,0,0,0,0,,,0,0,,,0,,,0,,,0,,0,菊坂通り,0,46.7
00001B000000000309CED926629F7FC1,00001B000000000309CED8A6629FFFC2,00001B000000000309CED926629EFFC1,4,,,,,,0,0,2,35.42.35.406,139.45.23.067,0,,,0,0,,,0,0,,,0,0,0,0,0,0,,,0,0,,,0,,,0,,,0,,0,菊坂通り,0,5.1
00001B000000000309CED8A6629FFFC3,00001B000000000309CED8A6629FFFC1,00001B000000000309CED8A6629FFFC2,4,,,,,,0,0,2,35.42.35.326,139.45.23.170,0,,,0,0,,,0,0,,,0,0,0,0,0,0,,,0,0,,,0,,,0,,,0,,0,菊坂通り,0,2
00001B000000000309CED7A662A17FC1,00001B000000000309CED6A662A2FFC1,00001B000000000309CED8A6629FFFC1,1,,,,,,0,0,2,35.42.35.124,139.45.23.476,0,,,0,0,,,0,0,,,0,0,0,0,0,0,,,0,0,,,0,,,0,,,0,,0,菊坂通り,0,17.8
00001B000000000309CED62662A3FFC1,00001B000000000309CED52662A57FC1,00001B000000000309CED6A662A2FFC1,1,,,,,,0,0,2,35.42.34.818,139.45.23.978,0,,,0,0,,,0,0,,,0,0,0,0,0,0,,,0,0,,,0,,,0,,,0,,0,菊坂通り,0,13.7
00001B000000000309CED52662A5FFC1,00001B000000000309CED4A662A6FFC1,00001B000000000309CED52662A57FC1,1,,,,,,0,0,2,35.42.34.635,139.45.24.363,0,,,0,0,,,0,0,,,0,0,0,0,0,0,,,0,0,,,0,,,0,,,0,,0,菊坂通り,0,8.7
00001B000000000309CED4A662A6FFC3,00001B000000000309CED4A662A6FFC2,00001B000000000309CED4A662A6FFC1,1,,,,,,0,0,2,35.42.34.568,139.45.24.557,0,,,0,0,,,0,0,,,0,0,0,0,0,0,,,0,0,,,0,,,0,,,0,,0,菊坂通り,0,1.9
00001B000000000309CED42662A8FFC1,00001B000000000309CED32662AAFFC1,00001B000000000309CED4A662A6FFC2,1,,,,,,0,0,2,35.42.34.412,139.45.24.983,0,,,0,0,,,0,0,,,0,0,0,0,0,0,,,0,0,,,0,,,0,,,0,,0,菊坂通り,0,21.6
00001B000000000309CED32662AB7FC2,00001B000000000309CED32662AB7FC1,00001B000000000309CED32662AAFFC1,1,,,,,,0,0,2,35.42.34.253,139.45.25.412,0,,,0,0,,,0,0,,,0,0,0,0,0,0,,,0,0,,,0,,,0,,,0,,0,菊坂通り,0,2.1
00001B000000000309CED22662ACFFC1,00001B000000000309CED12662AE7FC1,00001B000000000309CED32662AB7FC1,1,,,,,,0,0,1,35.42.34.063,139.45.25.770,0,,,0,0,,,0,0,,,0,0,0,0,0,0,,,0,0,,,0,,,0,,,0,,0,菊坂通り,0,19.4
00001B000000000309CECFA662B0FFC1,00001B000000000309CECE2662B37FC1,00001B000000000309CED12662AE7FC1,1,,,,,,0,0,1,35.42.33.559,139.45.26.582,0,,,0,0,,,0,0,,,0,0,0,0,0,0,,,0,0,,,0,,,0,,,0,,0,菊坂通り,0,32
00001B000000000309CECD2662B5FFC1,00001B000000000309CECC2662B7FFC1,00001B000000000309CECE2662B37FC1,1,,,,,,0,0,1,35.42.33.030,139.45.27.503,0,,,0,0,,,0,0,,,0,0,0,0,0,0,,,0,0,,,0,,,0,,,0,,0,菊坂通り,0,24.8
00001B000000000309CECC2662B7FFC2,00001B000000000309CECBA662B87FC1,00001B000000000309CECC2662B7FFC1,1,,,,,,0,0,2,35.42.32.813,139.45.27.967,0,,,0,0,,,0,0,,,0,0,0,0,0,0,,,0,0,,,0,,,0,,,0,,0,菊坂通り,0,2.1
00001B000000000309CECBA662B97FC1,00001B000000000309CECB2662BA7FC1,00001B000000000309CECBA662B87FC1,1,,,,,,0,0,1,35.42.32.701,139.45.28.203,0,,,0,0,,,0,0,,,0,0,0,0,0,0,,,0,0,,,0,,,0,,,0,,0,菊坂通り,0,11.7
00001B000000000309CECAA662BA7FC1,00001B000000000309CECAA662BAFFC1,00001B000000000309CECB2662BA7FC1,4,,,,,,0,0,2,35.42.32.571,139.45.28.469,0,,,0,0,,,0,0,,,0,0,0,0,0,0,,,0,0,,,0,,,0,,,0,,0,菊坂通り,0,3.9
00001B000000000309CECAA662BB7FC1,00001B000000000309CECA2662BB7FC1,00001B000000000309CECAA662BAFFC1,4,,,,,,0,0,2,35.42.32.500,139.45.28.605,0,,,0,0,,,0,0,,,0,0,0,0,0,0,,,0,0,,,0,,,0,,,0,,0,菊坂通り,0,4.2
00001B000000000309CEC8A662BF7FC1,00001B000000000309CEC6A662C2FFC1,00001B000000000309CECA2662BB7FC1,1,,,,,,0,0,0,35.42.32.114,139.45.29.420,0,,,0,0,,,0,0,,,0,0,0,0,0,0,,,0,0,,,0,,,0,,,0,,0,菊坂通り,0,43.2
00001B000000000309CEC6A662C37FC2,00001B000000000309CEC62662C3FFC1,00001B000000000309CEC6A662C37FC1,4,,,,,,0,0,2,35.42.31.703,139.45.30.298,0,,,0,0,,,0,0,,,0,0,0,0,0,0,,,0,0,,,0,,,0,,,0,,0,菊坂通り,0,2.6
00001B000000000309CEC6A662C37FC3,00001B000000000309CEC6A662C37FC1,00001B000000000309CEC6A662C2FFC1,4,,,,,,0,0,2,35.42.31.744,139.45.30.209,0,,,0,0,,,0,0,,,0,0,0,0,0,0,,,0,0,,,0,,,0,,,0,,0,菊坂通り,0,2.6
00001B000000000309CEC42662CA7FC1,00001B000000000309CEC22662D0FFC1,00001B000000000309CEC62662C3FFC1,1,,,,,,0,0,1,35.42.31.266,139.45.31.665,0,,,0,0,,,0,0,,,0,0,0,0,0,0,,,0,0,,,0,,,0,,,0,,0,菊坂通り,0,71.3
00001B000000000309CEC0A662D57FC1,00001B000000000309CEBF2662D97FC1,00001B000000000309CEC22662D0FFC1,1,,,,,,0,0,2,35.42.30.544,139.45.33.809,3.5,35.42.30.285,139.45.34.491,0,0,,,0,0,,,0,0,0,0,0,0,,,0,0,,,0,,,0,,,0,,0,菊坂通り,0,45.4
00001B000000000309CEBEA662D9FFC1,00001B000000000309CEBEA662DA7FC1,00001B000000000309CEBF2662D9FFC1,4,,,,,,0,0,2,35.42.30.188,139.45.34.769,3.5,35.42.30.202,139.45.34.732,0,0,,,0,0,,,0,0,0,0,0,0,,,0,0,,,0,,,0,,,0,,0,菊坂通り,0,2.2
00001B000000000309CEBF2662D97FC2,00001B000000000309CEBF2662D9FFC1,00001B000000000309CEBF2662D97FC1,4,,,,,,0,0,2,35.42.30.220,139.45.34.679,3.5,35.42.30.206,139.45.34.721,0,0,,,0,0,,,0,0,0,0,0,0,,,0,0,,,0,,,0,,,0,,0,菊坂通り,0,2.7
00001B000000000309CEBDA662DCFFC1,00001B000000000309CEBCA662DFFFC1,00001B000000000309CEBEA662DA7FC1,1,,,,,,0,0,1,35.42.29.957,139.45.35.385,5.2,35.42.29.758,139.45.35.916,0,0,,,0,0,,,0,0,0,0,0,0,,,0,0,,,0,,,0,,,0,,0,菊坂通り,0,31.9
00001B000000000309CEBBA662E3FFC1,00001B000000000309CEBAA662E77FC1,00001B000000000309CEBCA662DFFFC1,1,,,,,,0,0,0,35.42.29.552,139.45.36.703,7,35.42.29.738,139.45.35.969,0,0,,,0,0,,,0,0,0,0,0,0,,,0,0,,,0,,,0,,,0,,0,菊坂通り,0,39
00001B000000000309CEEFA6629FFFC1,00001B000000000309CEEF26629FFFC1,00001B000000000309CEF0A6629FFFC1,4,,,,,,0,0,3,35.42.39.994,139.45.23.148,5.2,,,0,0,,,0,0,,,0,0,0,0,0,0,,,0,0,,,0,,,0,,,0,,0,,0,8.8
00001B000000000309CEE7A6629F7FC1,00001B000000000309CEDFA6629F7FC1,00001B000000000309CEEF26629FFFC1,4,,,,,,0,0,3,35.42.38.324,139.45.23.076,17.6,35.42.38.052,139.45.23.070,2,0,,,0,0,,,0,0,0,0,0,0,,,0,0,,,0,,,0,,,0,,0,,0,94.3
00001B000000000309CEDC26629F7FC1,00001B000000000309CED8A6629FFFC2,00001B000000000309CEDFA6629F7FC1,4,,,,,,0,0,2,35.42.36.072,139.45.23.072,17.6,35.42.35.675,139.45.23.121,2,0,,,0,0,,,0,0,0,0,0,0,,,0,0,,,0,,,0,,,0,,0,,0,44.7
00001B000000000309CEF126628F7FC1,00001B000000000309CEEEA6628A7FC1,00001B000000000309CEF3A66293FFC1,4,,,,,,0,0,3,35.42.40.233,139.45.19.823,15.8,35.42.40.645,139.45.20.552,2,0,,,0,0,,,0,0,0,0,0,0,,,0,0,,,0,,,0,,,0,,0,,0,56.8
00001B000000000309CEF4266299FFC1,00001B000000000309CEF3A66293FFC1,00001B000000000309CEF4A6629FFFC1,4,,,,,,0,0,3,35.42.40.824,139.45.21.955,23.1,35.42.40.787,139.45.21.276,2,0,,,0,0,,,0,0,0,0,0,0,,,0,0,,,0,,,0,,,0,,0,,0,60.2
00001B000000000309CEF52662A9FFC1,00001B000000000309CEF4A662A1FFC1,00001B000000000309CEF5A662B1FFC1,4,,,,,,0,0,3,35.42.41.035,139.45.25.127,3.5,35.42.40.959,139.45.24.208,0,0,,,0,0,,,0,0,0,0,0,0,,,0,0,,,0,,,0,,,0,,0,,0,80.4
00001B000000000309CEF5A662B27FC1,00001B000000000309CEF5A662B1FFC1,00001B000000000309CEF5A662B2FFC1,4,,,,,,0,0,3,35.42.41.175,139.45.26.858,0,,,0,0,,,0,0,,,0,0,0,0,0,0,,,0,0,,,0,,,0,,,0,,0,,0,7.1
00001B000000000309CEF62662B97FC1,00001B000000000309CEF5A662B2FFC1,00001B000000000309CEF6A662BFFFC1,4,,,,,,0,0,3,35.42.41.286,139.45.28.263,0,,,0,0,,,0,0,,,0,0,0,0,0,0,,,0,0,,,0,,,0,,,0,,0,,0,63.9
00001B000000000309CEF6A662C0FFC1,00001B000000000309CEF6A662BFFFC1,00001B000000000309CEF72662C1FFC1,4,,,,,,0,0,3,35.42.41.393,139.45.29.720,0,,,0,0,,,0,0,,,0,0,0,0,0,0,,,0,0,,,0,,,0,,,0,,0,,0,9.7
00001B000000000309CEF72662C37FC1,00001B000000000309CEF72662C1FFC1,00001B000000000309CEF72662C4FFC1,4,,,,,,0,0,3,35.42.41.411,139.45.30.245,0,,,0,0,,,0,0,,,0,0,0,0,0,0,,,0,0,,,0,,,0,,,0,,0,,0,16.8
00001B000000000309CEF82662C57FC1,00001B000000000309CEF72662C4FFC1,00001B000000000309CEF92662C57FC1,4,,,,,,0,0,3,35.42.41.633,139.45.30.620,0,,,0,0,,,0,0,,,0,0,0,0,0,0,,,0,0,,,0,,,0,,,0,,0,,0,13.4
00001B000000000309CEFA2662CF7FC1,00001B000000000309CEF92662C57FC1,00001B000000000309CEFB2662D97FC1,4,,,,,,0,0,3,35.42.42.035,139.45.32.674,3.5,35.42.42.078,139.45.33.203,0,0,,,0,0,,,0,0,0,0,0,0,,,0,0,,,0,,,0,,,0,,0,,0,101.9
00001B000000000309CEFE2662927FC1,00001B000000000309CEFE266290FFC1,00001B000000000309CEFE2662947FC1,4,,,,,,0,0,3,35.42.42.817,139.45.20.488,17.6,35.42.42.830,139.45.20.504,2,0,,,0,0,,,0,0,0,0,0,0,,,0,0,,,0,,,0,,,0,,0,,0,18
00001B000000000309CEFDA662997FC1,00001B000000000309CEFE2662947FC1,00001B000000000309CEFDA6629E7FC1,4,,,,,,0,0,3,35.42.42.758,139.45.21.830,21.2,35.42.42.753,139.45.21.991,2,0,,,0,0,,,0,0,0,0,0,0,,,0,0,,,0,,,0,,,0,,0,,0,49.5
00001B000000000309CEFFA662A27FC1,00001B000000000309CEFE26629FFFC1,00001B000000000309CF012662A4FFC1,4,,,,,,0,0,3,35.42.43.158,139.45.23.642,0,,,0,0,,,0,0,,,0,0,0,0,0,0,,,0,0,,,0,,,0,,,0,,0,,0,29.9
00001B000000000309CF01A662A57FC1,00001B000000000309CF012662A4FFC1,00001B000000000309CF01A662A67FC1,4,,,,,,0,0,3,35.42.43.511,139.45.24.291,0,,,0,0,,,0,0,,,0,0,0,0,0,0,,,0,0,,,0,,,0,,,0,,0,,0,9.3
00001B000000000309CF032662A97FC1,00001B000000000309CF01A662A67FC1,00001B000000000309CF04A662AC7FC1,4,,,,,,0,0,3,35.42.43.893,139.45.25.030,0,,,0,0,,,0,0,,,0,0,0,0,0,0,,,0,0,,,0,,,0,,,0,,0,,0,34.7
00001B000000000309CF07A662B17FC1,00001B000000000309CF04A662AC7FC1,00001B000000000309CF0A2662B6FFC1,4,,,,,,0,0,3,35.42.44.735,139.45.26.693,0,,,0,0,,,0,0,,,0,0,0,0,0,0,,,0,0,,,0,,,0,,,0,,0,,0,63.8
00001B000000000309CF0C2662BA7FC1,00001B000000000309CF0A2662B6FFC1,00001B000000000309CF0DA662BD7FC1,4,,,,,,0,0,3,35.42.45.607,139.45.28.425,0,,,0,0,,,0,0,,,0,0,0,0,0,0,,,0,0,,,0,,,0,,,0,,0,,0,38.5
00001B000000000309CF0EA662BF7FC1,00001B000000000309CF0DA662BD7FC1,00001B000000000309CF0F2662C17FC1,4,,,,,,0,0,3,35.42.46.116,139.45.29.486,0,,,0,0,,,0,0,,,0,0,0,0,0,0,,,0,0,,,0,,,0,,,0,,1,合格横丁,0,23.4
00001B000000000309CF0FA662C37FC1,00001B000000000309CF0F2662C17FC1,00001B000000000309CF102662C4FFC1,4,,,,,,0,0,3,35.42.46.366,139.45.30.210,0,,,0,0,,,0,0,,,0,0,0,0,0,0,,,0,0,,,0,,,0,,,0,,1,合格横丁,0,16.4
00001B000000000309CF10A662C87FC1,00001B000000000309CF102662C4FFC1,00001B000000000309CF11A662CBFFC1,4,,,,,,0,0,3,35.42.46.573,139.45.31.229,0,,,0,0,,,0,0,,,0,0,0,0,0,0,,,0,0,,,0,,,0,,,0,,1,合格横丁,0,36.4
00001B000000000309CF122662CF7FC1,00001B000000000309CF11A662CBFFC1,00001B000000000309CF132662D37FC1,4,,,,,,0,0,3,35.42.46.858,139.45.32.680,0,,,0,0,,,0,0,,,0,0,0,0,0,0,,,0,0,,,0,,,0,,,0,,1,合格横丁,0,38.6
00001B000000000309CEFE26629EFFC1,00001B000000000309CEFDA6629E7FC1,00001B000000000309CEFE26629FFFC1,4,,,,,,0,0,3,35.42.42.802,139.45.22.980,12.3,35.42.42.715,139.45.22.812,1,0,,,0,0,,,0,0,0,0,0,0,,,0,0,,,0,,,0,,,0,,1,,0,10
00001B000000000309CEFEA6629F7FC1,00001B000000000309CEFE26629FFFC1,00001B000000000309CEFF26629F7FC1,2,,,,,,0,0,3,35.42.42.949,139.45.23.099,0,,,0,0,,,0,1,35.42.42.976,139.45.23.079,0,0,0,0,0,0,,,0,0,,,0,,,0,,,0,,1,,0,4.3
00001B000000000309CF102662BF7FC1,00001B000000000309CF112662BD7FC1,00001B000000000309CF0F2662C17FC1,4,,,,,,0,0,3,35.42.46.495,139.45.29.475,0,,,0,0,,,0,0,,,0,0,0,0,0,0,,,0,0,,,0,,,0,,,0,,1,,0,24.3
00001B000000000309CF0E2662BD7FC1,00001B000000000309CF0DA662BD7FC1,00001B000000000309CF0EA662BD7FC1,4,,,,,,0,0,3,35.42.46.057,139.45.29.074,0,,,0,0,,,0,0,,,0,0,0,0,0,0,,,0,0,,,0,,,0,,,0,,0,,0,7.6
00001B000000000309CF102662BD7FC1,00001B000000000309CF0EA662BD7FC1,00001B000000000309CF112662BD7FC1,4,,,,,,0,0,3,35.42.46.436,139.45.29.063,0,,,0,0,,,0,0,,,0,0,0,0,0,0,,,0,0,,,0,,,0,,,0,,0,,0,15.8
00001B000000000309CF122662BB7FC1,00001B000000000309CF132662B97FC1,00001B000000000309CF112662BD7FC1,4,,,,,,0,0,3,35.42.46.884,139.45.28.652,3.5,35.42.47.014,139.45.28.396,0,0,,,0,0,,,0,0,0,0,0,0,,,0,0,,,0,,,0,,,0,,0,,0,23.5
00001B000000000309CF14A662B5FFC1,00001B000000000309CF162662B27FC1,00001B000000000309CF132662B97FC1,4,,,,,,0,0,3,35.42.47.371,139.45.27.545,10.5,35.42.47.647,139.45.26.895,1,0,,,0,0,,,0,0,0,0,0,0,,,0,0,,,0,,,0,,,0,,1,,0,39.7
00001B000000000309CF17A662AF7FC1,00001B000000000309CF192662ABFFC1,00001B000000000309CF162662B27FC1,4,,,,,,0,0,3,35.42.47.950,139.45.26.212,10.5,35.42.47.973,139.45.26.182,1,0,,,0,0,,,0,0,0,0,0,0,,,0,0,,,0,,,0,,,0,,1,,0,36.2
00001B000000000309CEFDA662A57FC1,00001B000000000309CF012662A4FFC1,00001B000000000309CEFAA662A5FFC1,4,,,,,,0,0,3,35.42.42.783,139.45.24.257,0,,,0,0,,,0,0,,,0,0,0,0,0,0,,,0,0,,,0,,,0,,,0,,0,,0,40.1
00001B000000000309CEFB2662ABFFC1,00001B000000000309CEFAA662A5FFC1,00001B000000000309CEFBA662B1FFC1,4,,,,,,0,0,3,35.42.42.248,139.45.25.541,0,,,0,0,,,0,0,,,0,0,0,0,0,0,,,0,0,,,0,,,0,,,0,,0,,0,58.8
00001B000000000309CEFBA662B1FFC2,00001B000000000309CEFBA662B1FFC1,00001B000000000309CEFBA662B27FC1,4,,,,,,0,0,3,35.42.42.365,139.45.26.770,0,,,0,0,,,0,0,,,0,0,0,0,0,0,,,0,0,,,0,,,0,,,0,,0,,0,3.4
00001B000000000309CEFCA662B87FC1,00001B000000000309CEFBA662B27FC1,00001B000000000309CEFD2662BDFFC1,4,,,,,,0,0,3,35.42.42.507,139.45.28.001,0,,,0,0,,,0,0,,,0,0,0,0,0,0,,,0,0,,,0,,,0,,,0,,0,,0,59.1
00001B000000000309CEFD2662BE7FC1,00001B000000000309CEFD2662BDFFC1,00001B000000000309CEFD2662BF7FC1,4,,,,,,0,0,3,35.42.42.658,139.45.29.296,0,,,0,0,,,0,0,,,0,0,0,0,0,0,,,0,0,,,0,,,0,,,0,,0,,0,6.7
00001B000000000309CEFDA662C17FC1,00001B000000000309CEFD2662BF7FC1,00001B000000000309CEFDA662C3FFC1,4,,,,,,0,0,3,35.42.42.730,139.45.29.889,0,,,0,0,,,0,0,,,0,0,0,0,0,0,,,0,0,,,0,,,0,,,0,,1,,0,23.4
00001B000000000309CEFE2662C67FC1,00001B000000000309CEFDA662C3FFC1,00001B000000000309CEFEA662C8FFC1,4,,,,,,0,0,3,35.42.42.858,139.45.30.866,0,,,0,0,,,0,0,,,0,0,0,0,0,0,,,0,0,,,0,,,0,,,0,,1,,0,26.4
00001B000000000309CEFF2662D0FFC1,00001B000000000309CEFEA662C8FFC1,00001B000000000309CEFFA662D87FC1,4,,,,,,0,0,3,35.42.43.057,139.45.32.907,3.5,35.42.43.163,139.45.34.064,0,0,,,0,0,,,0,0,0,0,0,0,,,0,0,,,0,,,0,,,0,,1,,0,77
00001B000000000309CEFFA662BDFFC1,00001B000000000309CEFD2662BDFFC1,00001B000000000309CF022662BDFFC1,4,,,,,,0,0,3,35.42.43.165,139.45.29.133,0,,,0,0,,,0,0,,,0,0,0,0,0,0,,,0,0,,,0,,,0,,,0,,0,,0,32.2
00001B000000000309CF052662BD7FC1,00001B000000000309CF022662BDFFC1,00001B000000000309CF082662BD7FC1,4,,,,,,0,0,3,35.42.44.280,139.45.29.082,0,,,0,0,,,0,0,,,0,0,0,0,0,0,,,0,0,,,0,,,0,,,0,,0,,0,36.6
00001B000000000309CF0B2662BD7FC1,00001B000000000309CF082662BD7FC1,00001B000000000309CF0DA662BD7FC1,4,,,,,,0,0,3,35.42.45.403,139.45.29.069,0,,,0,0,,,0,0,,,0,0,0,0,0,0,,,0,0,,,0,,,0,,,0,,0,,0,32.7
00001B000000000309CF152662BD7FC1,00001B000000000309CF192662BD7FC1,00001B000000000309CF112662BD7FC1,4,,,,,,0,0,3,35.42.47.447,139.45.29.029,0,,,0,0,,,0,0,,,0,0,0,0,0,0,,,0,0,,,0,,,0,,,0,,0,,0,46.6
00001B000000000309CF1DA662BCFFC1,00001B000000000309CF222662BCFFC1,00001B000000000309CF192662BD7FC1,4,,,,,,0,0,3,35.42.49.111,139.45.28.969,0,,,0,0,,,0,0,,,0,0,0,0,0,0,,,0,0,,,0,,,0,,,0,,0,,0,56
00001B000000000309CF26A662B87FC1,00001B000000000309CF2B2662B47FC1,00001B000000000309CF222662BCFFC1,4,,,,,,0,0,3,35.42.50.919,139.45.28.075,7,35.42.51.120,139.45.27.884,0,0,,,0,0,,,0,0,0,0,0,0,,,0,0,,,0,,,0,,,0,,0,,0,70.3
00001B000000000309CF2C2662B2FFC1,00001B000000000309CF2DA662B1FFC1,00001B000000000309CF2B2662B47FC1,4,,,,,,0,0,3,35.42.52.066,139.45.26.998,3.5,35.42.52.014,139.45.27.038,0,0,,,0,0,,,0,0,0,0,0,0,,,0,0,,,0,,,0,,,0,,0,,0,18.8
00001B000000000309CEB3A662E27FC1,00001B000000000309CEB42662DBFFC1,00001B000000000309CEB32662E87FC1,4,,,,,,0,0,3,35.42.27.959,139.45.36.421,5.2,35.42.28.009,139.45.35.725,0,0,,,0,0,,,0,0,0,0,0,0,,,0,0,,,0,,,0,,,0,,0,,0,63.1
00001B000000000309CEB42662D97FC1,00001B000000000309CEB42662D6FFC1,00001B000000000309CEB42662DBFFC1,4,,,,,,0,0,3,35.42.28.057,139.45.34.661,7,35.42.28.065,139.45.34.291,0,0,,,0,0,,,0,0,0,0,0,0,,,0,0,,,0,,,0,,,0,,0,,0,25.7
00001B000000000309CEB0A662EFFFC1,00001B000000000309CEB0A662ECFFC1,00001B000000000309CEB12662F37FC1,1,,,,,,0,0,3,35.42.27.394,139.45.39.185,0,,,0,0,,,0,0,,,0,0,0,0,0,0,,,0,0,,,0,,,3,35.42.27.382,139.45.38.558,1,,0,春日通り,0,31.5
00001B000000000309CEB12662F37FC2,00001B000000000309CEB12662F37FC1,00001B000000000309CEB12662F3FFC1,5,,,,,,0,0,3,35.42.27.413,139.45.39.893,0,,,0,0,,,0,0,,,0,0,0,0,0,0,,,0,0,,,0,,,0,,,0,,0,春日通り,0,4.1
00001B000000000309CEB12663037FC1,00001B000000000309CEB12662F4FFC1,00001B000000000309CEB0A663127FC1,1,,,,,,0,0,3,35.42.27.403,139.45.43.074,0,,,0,0,,,0,0,,,0,0,0,0,0,0,,,0,0,,,0,,,0,,,0,,0,春日通り,0,147.9
00001B000000000309CEB0A66313FFC1,00001B000000000309CEB0A663127FC1,00001B000000000309CEB0A66314FFC1,1,,,,,,0,0,3,35.42.27.377,139.45.46.304,0,,,0,0,,,0,0,,,0,0,0,0,0,0,,,0,0,,,0,,,0,,,0,,0,春日通り,0,14.5
00001B000000000309CEB0A663167FC1,00001B000000000309CEB0A66314FFC1,00001B000000000309CEB0A66317FFC1,1,,,,,,0,0,3,35.42.27.374,139.45.46.872,0,,,0,0,,,0,0,,,0,0,0,0,0,0,,,0,0,,,0,,,0,,,0,,0,春日通り,0,14.1
00001B000000000309CEB0A6631CFFC1,00001B000000000309CEB0A66317FFC1,00001B000000000309CEB0A663217FC1,1,,,,,,0,0,2,35.42.27.357,139.45.48.103,0,,,0,0,,,0,0,,,0,0,0,0,0,0,,,0,0,,,0,,,0,,,0,,0,春日通り,0,47.8
00001B000000000309CEB1266321FFC1,00001B000000000309CEB0A663217FC1,00001B000000000309CEB12663227FC1,1,,,,,,0,0,3,35.42.27.407,139.45.49.143,0,,,0,0,,,0,0,,,0,0,0,0,0,0,,,0,0,,,0,,,0,,,0,,0,春日通り,0,6.1
00001B000000000309CEB12663237FC1,00001B000000000309CEB12663227FC1,00001B000000000309CEB1266324FFC1,5,,,,,,0,0,3,35.42.27.475,139.45.49.499,0,,,0,0,,,0,0,,,0,0,0,0,0,0,,,0,0,,,0,,,3,35.42.27.585,139.45.49.269,0,,0,春日通り,0,13.3
00001B000000000309CEBAA66324FFC1,00001B000000000309CEB1266324FFC1,00001B000000000309CEC42663247FC1,1,,,,,,0,0,3,35.42.29.380,139.45.49.707,0,,,0,0,,,0,0,,,0,0,0,0,0,1,35.42.29.925,139.45.49.721,0,0,,,0,,,0,,,0,,0,,0,117.4
00001B000000000309CEC52663247FC1,00001B000000000309CEC42663247FC1,00001B000000000309CEC62663247FC1,5,,,,,,0,0,3,35.42.31.475,139.45.49.648,0,,,0,0,,,0,0,,,0,0,0,0,0,0,,,0,0,,,0,,,3,35.42.31.777,139.45.49.679,0,,0,,0,11.7
00001B000000000309CEC62663227FC1,00001B000000000309CEC6266321FFC1,00001B000000000309CEC6266322FFC1,5,,,,,,0,0,3,35.42.31.665,139.45.49.264,0,,,0,0,,,0,0,,,0,0,0,0,0,0,,,0,0,,,0,,,3,35.42.31.775,139.45.49.162,0,,0,,0,6.6
00001B000000000309CEBFA66321FFC1,00001B000000000309CEB9A66321FFC2,00001B000000000309CEC6266321FFC1,1,,,,,,0,0,3,35.42.30.399,139.45.49.163,0,,,0,0,,,0,0,,,0,0,0,0,0,1,35.42.29.196,139.45.49.229,0,0,,,0,,,0,,,0,,0,,0,78
00001B000000000309CEB2A662E7FFC1,00001B000000000309CEB22662E77FC1,00001B000000000309CEB32662E87FC1,1,,,,,,0,0,3,35.42.27.784,139.45.37.574,0,,,0,0,,,0,0,,,0,0,0,0,0,0,,,1,0,,,0,,,0,,,0,,0,,0,7.7
00001B000000000309CEB1A662E6FFC1,00001B000000000309CEB0A662E5FFC1,00001B000000000309CEB22662E77FC1,1,,,,,,0,0,3,35.42.27.501,139.45.37.304,5.2,35.42.27.456,139.45.37.254,0,0,,,0,0,,,0,0,0,0,0,0,,,1,0,,,0,,,0,,,0,,0,,0,14.5
00001B000000000309CEB0A662E6FFC1,00001B000000000309CEB0A662E87FC1,00001B000000000309CEB0A662E5FFC1,1,,,,,,0,0,3,35.42.27.334,139.45.37.386,5.2,35.42.27.343,139.45.37.527,0,0,,,0,0,,,0,0,0,0,0,0,,,1,0,,,0,,,3,35.42.27.357,139.45.37.648,1,,0,春日通り,0,12.9
00001B000000000309CEB02662DFFFC1,00001B000000000309CEB0A662E5FFC1,00001B000000000309CEAFA662D9FFC1,1,,,,,,0,0,3,35.42.27.244,139.45.35.919,0,,,0,0,,,0,0,,,0,0,0,0,0,1,35.42.27.282,139.45.34.771,1,0,,,0,,,0,,,0,,0,春日通り,0,61.1
00001B000000000309CEADA662EDFFC2,00001B000000000309CEADA662EDFFC1,00001B000000000309CEAE2662EDFFC1,1,,,,,,0,0,3,35.42.26.793,139.45.38.735,0,,,0,0,,,0,0,,,0,0,0,0,0,0,,,1,0,,,0,,,3,35.42.26.744,139.45.38.713,1,,0,本郷通り,0,3.7
00001B000000000309CEAD2662EB7FC1,00001B000000000309CEAD2662E8FFC1,00001B000000000309CEADA662EDFFC1,5,,,,,,0,0,3,35.42.26.674,139.45.38.227,0,,,0,0,,,0,0,,,0,0,0,0,0,0,,,0,0,,,0,,,3,35.42.26.611,139.45.37.745,0,,0,春日通り,0,24.7
00001B000000000309CEAEA662E87FC1,00001B000000000309CEAD2662E8FFC1,00001B000000000309CEB0A662E87FC1,5,,,,,,0,0,3,35.42.26.983,139.45.37.692,0,,,0,0,,,0,0,,,0,0,0,0,0,0,,,0,0,,,0,,,3,35.42.26.611,139.45.37.745,1,,0,本郷通り,0,23
00001B000000000309CEAA2662E97FC1,00001B000000000309CEA72662E9FFC1,00001B000000000309CEAD2662E8FFC1,1,,,,,,0,0,3,35.42.26.037,139.45.37.831,5.2,35.42.26.591,139.45.37.746,0,0,,,0,0,,,0,0,0,0,0,0,,,1,0,,,0,,,3,35.42.26.611,139.45.37.745,1,,0,本郷通り,0,35.7
00001B000000000309CEABA662DEFFC1,00001B000000000309CEABA662DAFFC1,00001B000000000309CEAC2662E27FC1,1,,,,,,0,0,3,35.42.26.393,139.45.35.714,0,,,0,0,,,0,0,,,0,0,0,0,0,0,,,1,0,,,0,,,0,,,0,,0,春日通り,0,37.7
00001B000000000309CEAFA662ED7FC1,00001B000000000309CEAE2662EDFFC1,00001B000000000309CEB12662EC7FC1,5,,,,,,0,0,3,35.42.27.114,139.45.38.658,0,,,0,0,,,0,0,,,0,0,0,0,0,0,,,0,0,,,0,,,3,35.42.26.854,139.45.38.757,1,,0,本郷通り,0,17
00001B000000000309CEB0A662ECFFC2,00001B000000000309CEB0A662ECFFC1,00001B000000000309CEB12662EC7FC1,1,,,,,,0,0,3,35.42.27.397,139.45.38.523,0,,,0,0,,,0,0,,,0,0,0,0,0,0,,,0,0,,,0,,,3,35.42.27.419,139.45.38.489,1,,0,本郷通り,0,2.1
00001B000000000309CEAA2662EE7FC1,00001B000000000309CEAC2662EDFFC1,00001B000000000309CEA7A662EE7FC1,1,,,,,,0,0,3,35.42.26.012,139.45.38.801,0,,,0,0,,,0,0,,,0,0,0,0,0,0,,,1,0,,,0,,,0,,,0,,0,本郷通り,0,28.8
00001B000000000309CEA6A662EE7FC1,00001B000000000309CEA7A662EE7FC1,00001B000000000309CEA62662EE7FC1,5,,,,,,0,0,3,35.42.25.383,139.45.38.874,0,,,0,0,,,0,0,,,0,0,0,0,0,0,,,0,0,,,0,,,0,,,0,,0,本郷通り,0,10.1
00001B000000000309CEAE2662F0FFC1,00001B000000000309CEAE2662EDFFC1,00001B000000000309CEAE2662F37FC1,1,,,,,,0,0,3,35.42.26.856,139.45.39.322,0,,,0,0,,,0,0,,,0,0,0,0,0,0,,,0,0,,,0,,,3,35.42.26.854,139.45.38.757,1,,0,春日通り,0,28.3
00001B000000000309CEAE2662F47FC1,00001B000000000309CEAE2662F37FC1,00001B000000000309CEAE2662F57FC1,5,,,,,,0,0,3,35.42.26.854,139.45.40.046,0,,,0,0,,,0,0,,,0,0,0,0,0,0,,,0,0,,,0,,,0,,,0,,0,春日通り,0,8.1
00001B000000000309CEAE2662FCFFC1,00001B000000000309CEAE2662F57FC1,00001B000000000309CEAE2663047FC1,1,,,,,,0,0,3,35.42.26.850,139.45.41.707,0,,,0,0,,,0,0,,,0,0,0,0,0,1,35.42.26.965,139.45.40.256,0,0,,,0,,,0,,,0,,0,春日通り,0,75.5
00001B000000000309CEAE266304FFC1,00001B000000000309CEAE2663047FC1,00001B000000000309CEAE266305FFC1,5,,,,,,0,0,3,35.42.26.855,139.45.43.377,0,,,0,0,,,0,0,,,0,0,0,0,0,0,,,0,0,,,0,,,0,,,0,,0,春日通り,0,8.5
00001B000000000309CEAE266309FFC1,00001B000000000309CEAE266305FFC1,00001B000000000309CEAE26630E7FC1,1,,,,,,0,0,2,35.42.26.853,139.45.44.378,0,,,0,0,,,0,0,,,0,0,0,0,0,0,,,0,0,,,0,,,0,,,0,,0,春日通り,0,41.9
00001B000000000309CEAE26630EFFC1,00001B000000000309CEAE26630E7FC1,00001B000000000309CEAE26630FFFC1,5,,,,,,0,0,3,35.42.26.850,139.45.45.374,0,,,0,0,,,0,0,,,0,0,0,0,0,0,,,0,0,,,0,,,0,,,0,,0,春日通り,0,8.2
00001B000000000309CEAE2663127FC1,00001B000000000309CEAE26630FFFC1,00001B000000000309CEAE2663147FC1,1,,,,,,0,0,2,35.42.26.847,139.45.46.000,0,,,0,0,,,0,0,,,0,0,0,0,0,0,,,0,0,,,0,,,0,,,0,,0,春日通り,0,23.3
00001B000000000309CEAFA66314FFC1,00001B000000000309CEAE2663147FC1,00001B000000000309CEB0A66314FFC1,5,,,,,,0,0,3,35.42.27.110,139.45.46.528,0,,,0,0,,,0,0,,,0,0,0,0,0,0,,,0,0,,,0,,,3,35.42.27.482,139.45.46.625,0,,0,春日通り,0,16.6
00001B000000000309CEADA66314FFC2,00001B000000000309CEAE2663147FC1,00001B000000000309CEADA66314FFC1,1,,,,,,0,0,3,35.42.26.795,139.45.46.510,0,,,0,0,,,0,0,,,0,0,0,0,0,0,,,0,0,,,0,,,0,,,0,,0,春日通り,0,3.9
00001B000000000309CEADA66316FFC1,00001B000000000309CEADA66314FFC1,00001B000000000309CEADA66318FFC1,5,,,,,,0,0,3,35.42.26.740,139.45.46.953,0,,,0,0,,,0,0,,,0,0,0,0,0,0,,,0,0,,,0,,,3,35.42.26.847,139.45.47.379,0,,0,春日通り,0,19.9
00001B000000000309CEADA663197FC1,00001B000000000309CEADA66318FFC1,00001B000000000309CEAE266319FFC1,1,,,,,,0,0,3,35.42.26.780,139.45.47.428,0,,,0,0,,,0,0,,,0,0,0,0,0,0,,,0,0,,,0,,,0,,,0,,0,春日通り,0,4.9
00001B000000000309CEAE26631CFFC1,00001B000000000309CEAE266319FFC1,00001B000000000309CEADA6631FFFC1,1,,,,,,0,0,3,35.42.26.807,139.45.48.108,0,,,0,0,,,0,0,,,0,0,0,0,0,0,,,0,0,,,0,,,0,,,0,,0,春日通り,0,30.2
00001B000000000309CEADA663207FC1,00001B000000000309CEADA6631FFFC1,00001B000000000309CEADA663217FC1,5,,,,,,0,0,3,35.42.26.782,139.45.48.864,0,,,0,0,,,0,0,,,0,0,0,0,0,0,,,0,0,,,0,,,0,,,0,,0,春日通り,0,7.9
00001B000000000309CEB12663257FC1,00001B000000000309CEB0A663257FC1,00001B000000000309CEB1266324FFC1,1,,,,,,0,0,3,35.42.27.409,139.45.49.800,0,,,0,0,,,0,0,,,0,0,0,0,0,0,,,0,0,,,0,,,0,,,0,,0,春日通り,0,4.5
00001B000000000309CEAF2663257FC1,00001B000000000309CEADA663257FC1,00001B000000000309CEB0A663257FC1,5,,,,,,0,0,3,35.42.27.049,139.45.49.836,0,,,0,0,,,0,0,,,0,0,0,0,0,0,,,0,0,,,0,,,3,35.42.26.862,139.45.49.865,0,,0,春日通り,0,18.1
00001B000000000309CEADA663237FC1,00001B000000000309CEADA663217FC1,00001B000000000309CEADA663257FC1,1,,,,,,0,0,3,35.42.26.766,139.45.49.428,0,,,0,0,,,0,0,,,0,0,0,0,0,0,,,0,0,,,0,,,0,,,0,,0,春日通り,0,20.5
00001B000000000309CF30A662B8FFC1,00001B000000000309CF30A662B67FC1,00001B000000000309CF312662BAFFC1,4,,,,,,0,0,3,35.42.52.996,139.45.28.138,0,,,0,0,,,0,0,,,0,0,0,0,0,0,,,0,0,,,0,,,0,,,0,,0,,0,22.9
00001B000000000309CF322662BFFFC1,00001B000000000309CF312662BC7FC1,00001B000000000309CF32A662C37FC1,4,,,,,,0,0,3,35.42.53.218,139.45.29.564,0,,,0,5.2,35.42.53.335,139.45.30.159,0,0,,,0,0,0,0,0,0,,,0,0,,,0,,,0,,,0,,0,,0,35.7
00001B000000000309CF2EA662BB7FC1,00001B000000000309CF312662BAFFC1,00001B000000000309CF2CA662BB7FC1,4,,,,,,0,0,3,35.42.52.590,139.45.28.645,0,,,0,0,,,0,0,,,0,0,0,0,0,0,,,0,0,,,0,,,0,,,0,,0,,0,27.3
00001B000000000309CF272662BC7FC1,00001B000000000309CF2CA662BB7FC1,00001B000000000309CF222662BCFFC1,4,,,,,,0,0,3,35.42.51.084,139.45.28.817,8.7,35.42.51.191,139.45.28.810,1,0,,,0,0,,,0,0,0,0,0,0,,,0,0,,,0,,,0,,,0,,0,,0,65.9
00001B000000000309CF22A662C07FC1,00001B000000000309CF222662BCFFC1,00001B000000000309CF22A662C3FFC1,4,,,,,,0,0,3,35.42.50.109,139.45.29.630,0,,,0,0,,,0,0,,,0,0,0,0,0,0,,,0,0,,,0,,,0,,,0,,0,,0,35.4
00001B000000000309CF2D2662BFFFC1,00001B000000000309CF2CA662BB7FC1,00001B000000000309CF2DA662C47FC1,4,,,,,,0,0,3,35.42.52.270,139.45.29.581,8.7,35.42.52.381,139.45.30.365,1,8.7,35.42.52.381,139.45.30.365,0,0,,,0,0,0,0,0,0,,,0,0,,,0,,,0,,,0,,0,,0,44.9
00001B000000000309CF2E2662C5FFC1,00001B000000000309CF2DA662C47FC1,00001B000000000309CF2E2662C77FC1,4,,,,,,0,0,3,35.42.52.439,139.45.30.752,19.4,35.42.52.481,139.45.30.990,2,8.7,35.42.52.481,139.45.30.990,0,0,,,0,0,0,0,0,0,,,0,0,,,0,,,0,,,0,,0,,0,14.9
00001B000000000309CF2EA662C9FFC1,00001B000000000309CF2E2662C77FC1,00001B000000000309CF2F2662CBFFC1,4,,,,,,0,0,3,35.42.52.569,139.45.31.504,17.6,35.42.52.507,139.45.31.127,2,8.7,35.42.52.507,139.45.31.127,0,0,,,0,0,0,0,0,0,,,0,0,,,0,,,0,,,0,,0,,0,23.8
00001B000000000309CF242662CC7FC1,00001B000000000309CF23A662C9FFC1,00001B000000000309CF24A662CEFFC1,4,,,,,,0,0,3,35.42.50.432,139.45.32.013,0,,,0,0,,,0,0,,,0,0,0,0,0,0,,,0,0,,,0,,,0,,,0,,0,,0,25.6
00001B000000000309CF292662C87FC1,00001B000000000309CF2E2662C77FC1,00001B000000000309CF23A662C9FFC1,4,,,,,,0,0,3,35.42.51.420,139.45.31.277,7,35.42.52.436,139.45.31.061,0,8.7,35.42.52.436,139.45.31.061,0,0,,,0,0,0,0,0,0,,,0,0,,,0,,,0,,,0,,0,,0,66.9
00001B000000000309CF192662BF7FC1,00001B000000000309CF192662BD7FC1,00001B000000000309CF19A662C17FC1,4,,,,,,0,0,3,35.42.48.259,139.45.29.425,0,,,0,0,,,0,1,35.42.48.224,139.45.29.098,0,0,0,0,0,0,,,0,0,,,0,,,0,,,0,,0,,0,21.5
00001B000000000309CF1A2662C67FC1,00001B000000000309CF19A662C17FC1,00001B000000000309CF1AA662CB7FC1,4,,,,,,0,0,3,35.42.48.417,139.45.30.856,0,,,0,0,,,0,0,,,0,0,0,0,0,0,,,0,0,,,0,,,0,,,0,,0,,0,51.1
00001B000000000309CF20A662CA7FC1,00001B000000000309CF23A662C9FFC1,00001B000000000309CF1DA662CAFFC1,4,,,,,,0,0,3,35.42.49.770,139.45.31.643,0,,,0,0,,,0,0,,,0,0,0,0,0,0,,,0,0,,,0,,,0,,,0,,0,,0,36.4
00001B000000000309CF1C2662CB7FC1,00001B000000000309CF1DA662CAFFC1,00001B000000000309CF1AA662CB7FC1,4,,,,,,0,0,3,35.42.48.853,139.45.31.819,0,,,0,0,,,0,0,,,0,0,0,0,0,0,,,0,0,,,0,,,0,,,0,,0,,0,20.8
00001B000000000309CF1B2662CE7FC1,00001B000000000309CF1AA662CB7FC1,00001B000000000309CF1B2662D0FFC1,4,,,,,,0,0,3,35.42.48.605,139.45.32.426,0,,,0,0,,,0,0,,,0,0,0,0,0,0,,,0,0,,,0,,,0,,,0,,0,,0,28.8
00001B000000000309CF17A662CB7FC1,00001B000000000309CF1AA662CB7FC1,00001B000000000309CF14A662CAFFC1,4,,,,,,0,0,3,35.42.47.932,139.45.31.808,0,,,0,0,,,0,0,,,0,0,0,0,0,0,,,0,0,,,0,,,0,,,0,,0,,0,36.2
00001B000000000309CF132662CB7FC1,00001B000000000309CF14A662CAFFC1,00001B000000000309CF11A662CBFFC1,4,,,,,,0,0,2,35.42.47.030,139.45.31.843,0,,,0,0,,,0,0,,,0,0,0,0,0,0,,,0,0,,,0,,,0,,,0,,0,,0,20
00001B000000000309CF0DA662CCFFC1,00001B000000000309CF09A662CDFFC1,00001B000000000309CF11A662CBFFC1,4,,,,,,0,0,3,35.42.45.935,139.45.32.138,0,,,0,0,,,0,0,,,0,0,0,0,0,0,,,0,0,,,0,,,0,,,0,,0,,0,49.1
00001B000000000309CF0A2662D17FC1,00001B000000000309CF09A662CDFFC1,00001B000000000309CF0B2662D57FC1,4,,,,,,0,0,3,35.42.45.290,139.45.33.093,0,,,0,0,,,0,0,,,0,0,0,0,0,0,,,0,0,,,0,,,0,,,0,,0,,0,38.6
00001B000000000309CF0C2662C57FC1,00001B000000000309CF08A662C67FC1,00001B000000000309CF102662C4FFC1,4,,,,,,0,0,3,35.42.45.667,139.45.30.689,0,,,0,0,,,0,0,,,0,0,0,0,0,0,,,0,0,,,0,,,0,,,0,,0,,0,47.9
00001B000000000309CF092662CAFFC1,00001B000000000309CF08A662C87FC1,00001B000000000309CF09A662CDFFC1,4,,,,,,0,0,3,35.42.45.048,139.45.31.774,0,,,0,0,,,0,0,,,0,0,0,0,0,0,,,0,0,,,0,,,0,,,0,,0,,0,29.4
00001B000000000309CF08A662C77FC1,00001B000000000309CF08A662C67FC1,00001B000000000309CF08A662C87FC1,4,,,,,,0,0,3,35.42.44.921,139.45.31.028,0,,,0,0,,,0,0,,,0,0,0,0,0,0,,,0,0,,,0,,,0,,,0,,0,,0,8.9
00001B000000000309CF082662C1FFC1,00001B000000000309CF082662BD7FC1,00001B000000000309CF08A662C67FC1,4,,,,,,0,0,3,35.42.44.887,139.45.29.957,0,,,0,0,,,0,0,,,0,0,0,0,0,0,,,0,0,,,0,,,0,,,0,,0,,0,45
00001B000000000309CF03A662C87FC1,00001B000000000309CF08A662C87FC1,00001B000000000309CEFEA662C8FFC1,4,,,,,,0,0,3,35.42.43.936,139.45.31.294,0,,,0,0,,,0,0,,,0,0,0,0,0,0,,,0,0,,,0,,,0,,,0,,0,,0,62.1
00001B000000000309CF1B2662C17FC1,00001B000000000309CF19A662C17FC1,00001B000000000309CF1CA662C17FC1,4,,,,,,0,0,3,35.42.48.657,139.45.29.843,0,,,0,0,,,0,0,,,0,0,0,0,0,0,,,0,0,,,0,,,0,,,0,,0,,0,21
00001B000000000309CF1DA662C7FFC1,00001B000000000309CF1D2662C4FFC1,00001B000000000309CF1DA662CAFFC1,4,,,,,,0,0,3,35.42.49.127,139.45.31.141,0,,,0,0,,,0,0,,,0,0,0,0,0,0,,,0,0,,,0,,,0,,,0,,0,,0,32
00001B000000000309CF01A662B47FC1,00001B000000000309CF022662B7FFC1,00001B000000000309CF012662B0FFC1,4,,,,,,0,0,3,35.42.43.529,139.45.27.258,0,,,0,0,,,0,0,,,0,0,0,0,0,0,,,0,0,,,0,,,0,,,0,,0,,0,37.4
00001B000000000309CF012662AE7FC1,00001B000000000309CF012662B0FFC1,00001B000000000309CF00A662ABFFC1,4,,,,,,0,0,3,35.42.43.417,139.45.26.024,0,,,0,0,,,0,0,,,0,0,0,0,0,0,,,0,0,,,0,,,0,,,0,,0,,0,25
00001B000000000309CF02A662ABFFC1,00001B000000000309CF00A662ABFFC1,00001B000000000309CF04A662AC7FC1,4,,,,,,0,0,3,35.42.43.783,139.45.25.572,0,,,0,0,,,0,1,35.42.43.785,139.45.25.573,0,0,0,0,0,0,,,0,0,,,0,,,0,,,0,,0,,0,25.2
00001B000000000309CF06A662AC7FC1,00001B000000000309CF04A662AC7FC1,00001B000000000309CF082662ACFFC1,4,,,,,,0,0,3,35.42.44.502,139.45.25.673,0,,,0,0,,,0,0,,,0,0,0,0,0,0,,,0,0,,,0,,,0,,,0,,0,,0,19.4
00001B000000000309CF0B2662ADFFC1,00001B000000000309CF082662ACFFC1,00001B000000000309CF0DA662AE7FC1,4,,,,,,0,0,3,35.42.45.404,139.45.25.910,0,,,0,0,,,0,0,,,0,0,0,0,0,0,,,0,0,,,0,,,0,,,0,,0,,0,37.4
00001B000000000309CF122662B07FC1,00001B000000000309CF0DA662AE7FC1,00001B000000000309CF162662B27FC1,4,,,,,,0,0,3,35.42.46.829,139.45.26.465,0,,,0,7,35.42.47.613,139.45.26.817,0,0,,,0,0,0,0,0,0,,,0,0,,,0,,,0,,,0,,0,,0,54.9
00001B000000000309CF3B2662C77FC1,00001B000000000309CF3CA662C6FFC1,00001B000000000309CF392662C7FFC1,5,,,,,,0,0,3,35.42.55.018,139.45.31.071,0,,,0,0,,,0,0,,,0,0,0,0,0,0,,,0,0,,,0,,,3,35.42.55.348,139.45.30.952,1,,0,,0,20.8
00001B000000000309CF3C2662C4FFC1,00001B000000000309CF3B2662C37FC1,00001B000000000309CF3CA662C6FFC1,1,,,,,,0,0,3,35.42.55.202,139.45.30.596,5.2,35.42.55.190,139.45.30.576,0,0,,,0,0,,,0,0,0,0,0,0,,,0,0,,,0,,,3,35.42.55.348,139.45.30.952,1,,0,,0,19.8
00001B000000000309CF3B2662C2FFC1,00001B000000000309CF3B2662C27FC1,00001B000000000309CF3B2662C37FC1,4,,,,,,0,0,3,35.42.55.034,139.45.30.159,5.2,35.42.55.036,139.45.30.165,0,0,,,0,0,,,0,0,0,0,0,0,,,0,0,,,0,,,0,,,0,,0,,0,4.5
00001B000000000309CF38A662BEFFC1,00001B000000000309CF36A662BB7FC1,00001B000000000309CF3B2662C27FC1,1,,,,,,0,0,2,35.42.54.583,139.45.29.368,5.2,35.42.54.566,139.45.29.346,0,0,,,0,0,,,0,0,0,0,0,0,,,0,0,,,0,,,0,,,0,,0,,0,44.1
00001B000000000309CF36A662BAFFC1,00001B000000000309CF362662BAFFC1,00001B000000000309CF36A662BB7FC1,4,,,,,,0,0,3,35.42.54.111,139.45.28.583,3.5,35.42.54.140,139.45.28.626,0,0,,,0,0,,,0,0,0,0,0,0,,,0,0,,,0,,,0,,,0,,0,,0,5
00001B000000000309CF352662B8FFC1,00001B000000000309CF342662B77FC1,00001B000000000309CF362662BAFFC1,1,,,,,,0,0,2,35.42.53.831,139.45.28.193,3.5,35.42.53.842,139.45.28.191,0,0,,,0,0,,,0,0,0,0,0,0,,,0,0,,,0,,,0,,,0,,0,,0,21.1
00001B000000000309CF33A662B6FFC1,00001B000000000309CF332662B6FFC1,00001B000000000309CF342662B77FC1,4,,,,,,0,0,3,35.42.53.547,139.45.27.796,3.5,35.42.53.560,139.45.27.802,0,0,,,0,0,,,0,0,0,0,0,0,,,0,0,,,0,,,0,,,0,,0,,0,5.4
00001B000000000309CF31A662B47FC1,00001B000000000309CF302662B1FFC1,00001B000000000309CF332662B6FFC1,1,,,,,,0,0,2,35.42.53.147,139.45.27.215,3.5,35.42.53.091,139.45.27.145,0,0,,,0,0,,,0,0,0,0,0,0,,,0,0,,,0,,,0,,,0,,0,,0,32.9
00001B000000000309CF2F2662B07FC1,00001B000000000309CF2EA662AF7FC1,00001B000000000309CF302662B1FFC1,5,,,,,,0,0,3,35.42.52.670,139.45.26.469,3.5,35.42.52.759,139.45.26.631,0,0,,,0,0,,,0,0,0,0,0,0,,,0,0,,,0,,,2,35.42.52.544,139.45.26.218,0,,0,,0,14.9
00001B000000000309CF262662ACFFC1,00001B000000000309CF1E2662AA7FC1,00001B000000000309CF2EA662AF7FC1,1,,,,,,0,0,2,35.42.50.886,139.45.25.726,5.2,35.42.50.857,139.45.25.688,0,0,,,0,0,,,0,0,0,0,0,0,,,0,0,,,0,,,2,35.42.52.544,139.45.26.218,0,,0,,0,104.8
00001B000000000309CF09A662987FC1,00001B000000000309CEFCA6628CFFC1,00001B000000000309CF16A662A3FFC1,1,,,,,,0,0,2,35.42.45.167,139.45.21.608,3.5,35.42.42.931,139.45.19.613,0,0,,,0,0,,,0,0,0,0,0,0,,,0,0,,,0,,,2,35.42.48.495,139.45.23.912,0,,0,,0,196.8
00001B000000000309CEFC26628BFFC1,00001B000000000309CEFB26628B7FC1,00001B000000000309CEFCA6628CFFC1,1,,,,,,0,0,3,35.42.42.437,139.45.19.174,0,,,0,0,,,0,0,,,0,0,0,0,0,0,,,0,0,,,0,,,0,,,0,,0,,0,11.3
00001B000000000309CEFAA6628AFFC1,00001B000000000309CEFA266289FFC1,00001B000000000309CEFB26628B7FC1,1,,,,,,0,0,2,35.42.42.159,139.45.18.907,3.5,35.42.42.175,139.45.18.920,0,0,,,0,0,,,0,0,0,0,0,0,,,0,0,,,0,,,0,,,0,,0,,0,10.5
00001B000000000309CEF92662887FC1,00001B000000000309CEF82662867FC1,00001B000000000309CEFA266289FFC1,1,,,,,,0,0,2,35.42.41.823,139.45.18.432,0,,,0,0,,,0,0,,,0,0,0,0,0,0,,,0,0,,,0,,,0,,,0,,0,,0,21.3
00001B000000000309CEF5A66282FFC1,00001B000000000309CEF4A662837FC1,00001B000000000309CEF6A66282FFC1,5,,,,,,0,0,3,35.42.41.181,139.45.17.371,0,,,0,0,,,0,0,,,0,0,0,0,0,0,,,0,0,,,0,,,3,35.42.41.476,139.45.17.361,0,,0,,0,11.4
00001B000000000309CEF4A662877FC1,00001B000000000309CEF5266287FFC1,00001B000000000309CEF4A662867FC1,5,,,,,,0,0,3,35.42.40.962,139.45.18.200,0,,,0,0,,,0,0,,,0,0,0,0,0,0,,,0,0,,,0,,,3,35.42.41.115,139.45.18.376,0,,0,,0,7.5
00001B000000000309CEF42662867FC1,00001B000000000309CEF4A662867FC1,00001B000000000309CEF3A66286FFC1,1,,,,,,0,0,3,35.42.40.846,139.45.18.097,0,,,0,0,,,0,0,,,0,0,0,0,0,0,,,0,0,,,0,,,0,,,0,,0,菊坂通り,0,4.9
00001B000000000309CEF4A66284FFC1,00001B000000000309CEF4A662867FC1,00001B000000000309CEF4A662837FC1,1,,,,,,0,0,3,35.42.40.959,139.45.17.738,0,,,0,0,,,0,0,,,0,0,0,0,0,0,,,0,0,,,0,,,0,,,0,,0,,0,16.4
00001B000000000309CEF72662877FC1,00001B000000000309CEF6266287FFC1,00001B000000000309CEF82662867FC1,5,,,,,,0,0,3,35.42.41.437,139.45.18.237,0,,,0,0,,,0,0,,,0,0,0,0,0,0,,,0,0,,,0,,,3,35.42.41.730,139.45.18.120,0,,0,,0,13.4
00001B000000000309CEF7266284FFC1,00001B000000000309CEF6A66282FFC1,00001B000000000309CEF82662867FC1,1,,,,,,0,0,3,35.42.41.491,139.45.17.709,0,,,0,0,,,0,0,,,0,0,0,0,0,0,,,0,0,,,0,,,0,,,0,,0,,0,20.7
00001B000000000309CEFEA662B17FC1,00001B000000000309CF012662B0FFC1,00001B000000000309CEFBA662B1FFC1,2,,,,,,0,0,3,35.42.42.907,139.45.26.611,0,,,0,0,,,0,2,35.42.42.909,139.45.26.611,0,0,0,0,0,0,,,0,0,,,0,,,0,,,0,,0,,0,34.2
00001B000000000309CEF8A662B2FFC1,00001B000000000309CEF5A662B2FFC1,00001B000000000309CEFBA662B27FC1,4,,,,,,0,0,3,35.42.41.780,139.45.26.918,0,,,0,0,,,0,0,,,0,0,0,0,0,0,,,0,0,,,0,,,0,,,0,,0,,0,36.7
00001B000000000309CEF32662B1FFC1,00001B000000000309CEF0A662B27FC1,00001B000000000309CEF5A662B1FFC1,4,,,,,,0,0,3,35.42.40.665,139.45.26.766,0,,,0,0,,,0,0,,,0,0,0,0,0,0,,,0,0,,,0,,,0,,,0,,0,,0,30.7
00001B000000000309CEF02662B27FC1,00001B000000000309CEEF2662B27FC1,00001B000000000309CEF0A662B27FC1,4,,,,,,0,0,3,35.42.40.004,139.45.26.833,0,,,0,0,,,0,0,,,0,0,0,0,0,0,,,0,0,,,0,,,0,,,0,,0,,0,10.1
00001B000000000309CEEE2662B2FFC1,00001B000000000309CEEDA662B37FC1,00001B000000000309CEEF2662B27FC1,4,,,,,,0,0,3,35.42.39.673,139.45.26.935,0,,,0,0,,,0,0,,,0,0,0,0,0,0,,,0,0,,,0,,,0,,,0,,0,,0,11.1
00001B000000000309CEEC2662B37FC1,00001B000000000309CEEAA662B37FC1,00001B000000000309CEEDA662B37FC1,4,,,,,,0,0,3,35.42.39.247,139.45.27.022,0,,,0,0,,,0,0,,,0,0,0,0,0,0,,,0,0,,,0,,,0,,,0,,0,,0,16
00001B000000000309CEE4A662B2FFC1,00001B000000000309CEDEA662B1FFC1,00001B000000000309CEEAA662B37FC1,4,,,,,,0,0,3,35.42.37.780,139.45.26.903,0,,,0,0,,,0,0,,,0,0,0,0,0,0,,,0,0,,,0,,,0,,,0,,0,,0,74.7
00001B000000000309CEDEA662B47FC1,00001B000000000309CEDEA662B67FC1,00001B000000000309CEDEA662B1FFC1,4,,,,,,0,0,3,35.42.36.540,139.45.27.204,0,,,0,0,,,0,0,,,0,0,0,0,0,0,,,0,0,,,0,,,0,,,0,,0,,0,21.4
00001B000000000309CEDE2662B77FC1,00001B000000000309CEDEA662B67FC1,00001B000000000309CEDE2662B8FFC1,4,,,,,,0,0,3,35.42.36.490,139.45.27.867,0,,,0,0,,,0,0,,,0,0,0,0,0,0,,,0,0,,,0,,,0,,,0,,0,,0,12.1
00001B000000000309CEDDA662BBFFC1,00001B000000000309CEDE2662B8FFC1,00001B000000000309CEDD2662BF7FC1,4,,,,,,0,0,3,35.42.36.378,139.45.28.776,0,,,0,0,,,0,0,,,0,0,0,0,0,0,,,0,0,,,0,,,0,,,0,,0,,0,34.2
00001B000000000309CEDC2662B5FFC1,00001B000000000309CEDA2662B57FC1,00001B000000000309CEDEA662B67FC1,4,,,,,,0,0,3,35.42.36.057,139.45.27.541,0,,,0,0,,,0,0,,,0,0,0,0,0,0,,,0,0,,,0,,,0,,,0,,0,,0,28.1
00001B000000000309CED92662B9FFC1,00001B000000000309CED8A662BEFFC1,00001B000000000309CEE5A662D4FFC1,4,,,,,,0,0,3,35.42.35.498,139.45.28.380,0,,,0,0,,,0,0,,,0,0,0,0,0,0,,,0,0,,,0,,,0,,,0,,0,,0,47
00001B000000000309CEFA2662BF7FC1,00001B000000000309CEFD2662BF7FC1,00001B000000000309CEF6A662BFFFC1,4,,,,,,0,0,3,35.42.42.028,139.45.29.478,0,,,0,0,,,0,0,,,0,0,0,0,0,0,,,0,0,,,0,,,0,,,0,,0,,0,39.8
00001B000000000309CEF3A662C1FFC1,00001B000000000309CEF0A662C1FFC1,00001B000000000309CEF72662C1FFC1,4,,,,,,0,0,3,35.42.40.789,139.45.29.920,0,,,0,0,,,0,0,,,0,0,0,0,0,0,,,0,0,,,0,,,0,,,0,,0,,0,37.9
00001B000000000309CEED2662C17FC1,00001B000000000309CEE9A662C0FFC1,00001B000000000309CEF0A662C1FFC1,4,,,,,,0,0,3,35.42.39.483,139.45.29.860,0,,,0,0,,,0,0,,,0,0,0,0,0,0,,,0,0,,,0,,,0,,,0,,0,,0,42.7
00001B000000000309CEEA2662BDFFC1,00001B000000000309CEEA2662BA7FC1,00001B000000000309CEE9A662C0FFC1,4,,,,,,0,0,3,35.42.38.840,139.45.29.104,0,,,0,0,,,0,0,,,0,0,0,0,0,0,,,0,0,,,0,,,0,,,0,,0,,0,34.7
00001B000000000309CEE3A662C07FC1,00001B000000000309CEDD2662BF7FC1,00001B000000000309CEE9A662C0FFC1,4,,,,,,0,0,3,35.42.37.538,139.45.29.619,0,,,0,0,,,0,0,,,0,0,0,0,0,0,,,0,0,,,0,,,0,,,0,,0,,0,77.8
00001B000000000309CEDB2662BEFFC1,00001B000000000309CED8A662BEFFC1,00001B000000000309CEDD2662BF7FC1,2,,,,,,0,0,2,35.42.35.837,139.45.29.375,0,,,0,0,,,0,0,,,0,0,0,0,0,0,,,0,0,,,0,,,0,,,0,,0,,0,27.8
00001B000000000309CED42662BDFFC1,00001B000000000309CECFA662BCFFC1,00001B000000000309CED8A662BEFFC1,2,,,,,,0,0,2,35.42.34.477,139.45.29.145,10.5,35.42.33.899,139.45.29.049,1,0,,,0,0,,,0,0,0,0,0,0,,,0,0,,,0,,,0,,,0,,0,,0,56.8
00001B000000000309CECD2662BBFFC1,00001B000000000309CECAA662BAFFC1,00001B000000000309CECFA662BCFFC1,2,,,,,,0,0,2,35.42.33.050,139.45.28.759,10.5,35.42.33.450,139.45.28.940,1,0,,,0,0,,,0,0,0,0,0,0,,,0,0,,,0,,,0,,,0,,0,,0,33.6
00001B000000000309CECA2662C47FC1,00001B000000000309CEC6A662C37FC1,00001B000000000309CECDA662C57FC1,4,,,,,,0,0,3,35.42.32.444,139.45.30.452,7,35.42.32.718,139.45.30.532,0,0,,,0,0,,,0,0,0,0,0,0,,,0,0,,,0,,,0,,,0,,0,,0,45.5
00001B000000000309CED1A662C67FC1,00001B000000000309CECDA662C57FC1,00001B000000000309CED5A662C6FFC1,4,,,,,,0,0,3,35.42.33.951,139.45.30.819,7,35.42.33.592,139.45.30.736,0,0,,,0,0,,,0,0,0,0,0,0,,,0,0,,,0,,,0,,,0,,0,,0,49.2
00001B000000000309CED5A662C7FFC1,00001B000000000309CED5A662C6FFC1,00001B000000000309CED5A662C8FFC1,4,,,,,,0,0,2,35.42.34.732,139.45.31.164,0,,,0,0,,,0,0,,,0,0,0,0,0,0,,,0,0,,,0,,,0,,,0,,0,,0,9
00001B000000000309CED52662D0FFC1,00001B000000000309CED5A662C8FFC1,00001B000000000309CED52662D8FFC1,4,,,,,,0,0,3,35.42.34.691,139.45.32.930,0,,,0,0,,,0,0,,,0,0,0,0,0,0,,,0,0,,,0,,,0,,,0,,0,,0,79.8
00001B000000000309CEDEA662DDFFC1,00001B000000000309CEDEA662DAFFC1,00001B000000000309CEDF2662E0FFC1,4,,,,,,0,0,3,35.42.36.594,139.45.35.515,0,,,0,0,,,0,0,,,0,0,0,0,0,0,,,0,0,,,0,,,0,,,0,,0,,0,30
00001B000000000309CEDE2662D97FC1,00001B000000000309CEDE2662D7FFC1,00001B000000000309CEDEA662DAFFC1,4,,,,,,0,0,3,35.42.36.465,139.45.34.628,7,35.42.36.438,139.45.34.406,0,0,,,0,0,,,0,0,0,0,0,0,,,0,0,,,0,,,0,,,0,,0,,0,15.3
00001B000000000309CED9A662D87FC1,00001B000000000309CED52662D8FFC1,00001B000000000309CEDE2662D7FFC1,4,,,,,,0,0,3,35.42.35.542,139.45.34.423,0,,,0,0,,,0,0,,,0,0,0,0,0,0,,,0,0,,,0,,,0,,,0,,0,,0,54.8
00001B000000000309CED2A662D8FFC1,00001B000000000309CECFA662D97FC1,00001B000000000309CED52662D8FFC1,4,,,,,,0,0,3,35.42.34.104,139.45.34.593,0,,,0,0,,,0,0,,,0,0,0,0,0,0,,,0,0,,,0,,,0,,,0,,0,,0,34.3
00001B000000000309CECBA662D9FFC1,00001B000000000309CEC72662DA7FC1,00001B000000000309CECFA662D97FC1,4,,,,,,0,0,3,35.42.32.706,139.45.34.779,0,,,0,0,,,0,0,,,0,0,0,0,0,0,,,0,0,,,0,,,0,,,0,,0,,0,52.4
00001B000000000309CEC32662DA7FC1,00001B000000000309CEBF2662D9FFC1,00001B000000000309CEC72662DA7FC1,4,,,,,,0,0,3,35.42.31.032,139.45.34.809,10.5,35.42.31.740,139.45.34.884,1,0,,,0,0,,,0,0,0,0,0,0,,,0,0,,,0,,,0,,,0,,0,,0,51.2
00001B000000000309CECD2662C87FC1,00001B000000000309CECDA662C57FC1,00001B000000000309CECC2662CB7FC1,4,,,,,,0,0,3,35.42.33.025,139.45.31.228,0,,,0,0,,,0,0,,,0,0,0,0,0,0,,,0,0,,,0,,,0,,,0,,0,,0,30.3
00001B000000000309CECAA662CFFFC1,00001B000000000309CECC2662CB7FC1,00001B000000000309CEC92662D47FC1,4,,,,,,0,0,3,35.42.32.574,139.45.32.703,0,,,0,0,,,0,0,,,0,0,0,0,0,0,,,0,0,,,0,,,0,,,0,,0,,0,49
00001B000000000309CEC82662D77FC1,00001B000000000309CEC92662D47FC1,00001B000000000309CEC72662DA7FC1,4,,,,,,0,0,3,35.42.32.062,139.45.34.245,0,,,0,0,,,0,0,,,0,0,0,0,0,0,,,0,0,,,0,,,0,,,0,,0,,0,34.7
00001B000000000309CEC5A662D27FC1,00001B000000000309CEC22662D0FFC1,00001B000000000309CEC92662D47FC1,2,,,,,,0,0,1,35.42.31.557,139.45.33.295,10.5,35.42.32.208,139.45.33.572,1,0,,,0,1,35.42.32.208,139.45.33.572,0,0,0,0,0,0,,,0,0,,,0,,,0,,,0,,0,,0,46.2
00001B000000000309CEC6A662DB7FC1,00001B000000000309CEC72662DA7FC1,00001B000000000309CEC6A662DC7FC1,4,,,,,,0,0,3,35.42.31.785,139.45.35.089,8.7,35.42.31.829,139.45.34.976,1,0,,,0,0,,,0,0,0,0,0,0,,,0,0,,,0,,,0,,,0,,0,,0,11.1
00001B000000000309CEC62662DEFFC1,00001B000000000309CEC6A662DC7FC1,00001B000000000309CEC62662E0FFC1,4,,,,,,0,0,3,35.42.31.697,139.45.35.711,7,35.42.31.701,139.45.35.483,0,0,,,0,0,,,0,0,0,0,0,0,,,0,0,,,0,,,0,,,0,,0,,0,21.2
00001B000000000309CEC62662E37FC1,00001B000000000309CEC62662E0FFC1,00001B000000000309CEC62662E5FFC1,4,,,,,,0,0,3,35.42.31.687,139.45.36.616,0,,,0,0,,,0,0,,,0,0,0,0,0,0,,,0,0,,,0,,,0,,,0,,0,,0,24.3
00001B000000000309CEDAA662C87FC1,00001B000000000309CED5A662C8FFC1,00001B000000000309CEDFA662C7FFC1,4,,,,,,0,0,3,35.42.35.726,139.45.31.259,0,,,0,0,,,0,0,,,0,0,0,0,0,0,,,0,0,,,0,,,0,,,0,,0,,0,61.8
00001B000000000309CEDF2662CFFFC1,00001B000000000309CEDFA662C7FFC1,00001B000000000309CEDEA662D77FC1,4,,,,,,0,0,3,35.42.36.646,139.45.32.723,0,,,0,0,,,0,0,,,0,0,0,0,0,0,,,0,0,,,0,,,0,,,0,,0,,0,78
00001B000000000309CEDE2662D7FFC2,00001B000000000309CEDEA662D77FC1,00001B000000000309CEDE2662D7FFC1,4,,,,,,0,0,3,35.42.36.497,139.45.34.300,0,,,0,0,,,0,0,,,0,0,0,0,0,0,,,0,0,,,0,,,0,,,0,,0,,0,4.5
00001B000000000309CEE9A662D47FC1,00001B000000000309CEEAA662DDFFC1,00001B000000000309CEE82662CAFFC1,4,,,,,,0,0,3,35.42.38.716,139.45.33.625,0,,,0,0,,,0,0,,,0,0,0,0,0,0,,,0,0,,,0,,,0,,,0,,0,,0,97.2
00001B000000000309CEED2662D9FFC1,00001B000000000309CEEDA662DCFFC1,00001B000000000309CEED2662D6FFC1,4,,,,,,0,0,3,35.42.39.498,139.45.34.750,0,,,0,0,,,0,0,,,0,0,0,0,0,0,,,0,0,,,0,,,0,,,0,,0,,0,32.1
00001B000000000309CEE9A6628DFFC3,00001B000000000309CEE9A6628DFFC2,00001B000000000309CEE9A6628DFFC1,2,,,,,,0,0,0,35.42.38.724,139.45.19.536,0,,,0,0,,,0,3,35.42.38.734,139.45.19.550,0,0,0,0,0,0,,,0,0,,,0,,,0,,,0,,0,,0,1.4
00001B000000000309CEE9A6628D7FC1,00001B000000000309CEE9A6628DFFC2,00001B000000000309CEEA26628CFFC1,1,,,,,,0,0,2,35.42.38.794,139.45.19.446,0,,,0,0,,,0,0,,,0,0,0,0,0,0,,,0,0,,,0,,,0,,,0,,0,菊坂通り,0,6.1
00001B000000000309CF142662A4FFC3,00001B000000000309CF142662A4FFC1,00001B000000000309CF142662A4FFC2,2,,,,,,0,0,3,35.42.47.276,139.45.24.137,0,,,0,0,,,0,0,,,3,0,3,0,0,0,,,0,0,,,0,,,0,,,0,,0,,0,1.8
00001B000000000309CF132662A3FFC1,00001B000000000309CF122662A2FFC1,00001B000000000309CF142662A4FFC2,1,,,,,,0,0,2,35.42.47.061,139.45.23.906,0,,,0,0,,,0,0,,,0,0,0,0,0,0,,,0,0,,,0,,,0,,,0,,0,,0,17.5
00001B000000000309CEC72662E57FC2,00001B000000000309CEC72662E57FC1,00001B000000000309CEC72662E4FFC1,2,,,,,,0,0,0,35.42.31.821,139.45.37.024,0,,,0,0,,,0,2,35.42.31.820,139.45.36.994,0,0,0,0,0,0,,,0,0,,,0,,,0,,,0,,0,,0,2.8
00001B000000000309CEC6A662E57FC3,00001B000000000309CEC6A662E57FC1,00001B000000000309CEC72662E57FC1,1,,,,,,0,0,3,35.42.31.796,139.45.37.084,0,,,0,0,,,0,0,,,0,0,0,0,0,0,,,1,0,,,0,,,0,,,0,,0,本郷通り,0,1.7
00001B000000000309CEB42662DBFFC2,00001B000000000309CEB42662DBFFC1,00001B000000000309CEB4A662DBFFC1,2,,,,,,0,0,3,35.42.28.096,139.45.35.175,0,,,0,0,,,0,2,35.42.28.114,139.45.35.176,0,0,0,0,0,0,,,0,0,,,0,,,0,,,0,,0,,0,3.5
00001B000000000309CEB02662D9FFC2,00001B000000000309CEAFA662D9FFC1,00001B000000000309CEB02662D9FFC1,2,,,,,,0,0,0,35.42.27.215,139.45.34.706,0,,,0,0,,,0,1,35.42.27.252,139.45.34.705,0,0,0,0,0,0,,,0,0,,,0,,,0,,,0,,0,,0,2.5
00001B000000000309CEAFA662D87FC1,00001B000000000309CEAFA662D9FFC1,00001B000000000309CEAFA662D6FFC1,1,,,,,,0,0,3,35.42.27.140,139.45.34.435,0,,,0,0,,,0,0,,,0,0,0,0,0,0,,,1,0,,,0,,,0,,,0,,0,春日通り,0,13.8
00001B000000000309CEE62662DEFFC2,00001B000000000309CEE62662DEFFC1,00001B000000000309CEE62662DE7FC1,2,,,,,,0,0,2,35.42.38.089,139.45.35.718,0,,,0,0,,,0,0,,,0,0,0,0,0,0,,,0,0,,,0,,,0,,,0,,0,,0,1.7
00001B000000000309CEE6A662DEFFC1,00001B000000000309CEE62662DEFFC1,00001B000000000309CEE72662DEFFC1,1,,,,,,0,0,3,35.42.38.190,139.45.35.728,0,,,0,0,,,0,0,,,0,0,0,0,0,0,,,0,0,,,0,,,3,35.42.38.288,139.45.35.701,0,,0,本郷通り,0,6
00001B000000000309CF28A662B27FC1,00001B000000000309CF262662B0FFC1,00001B000000000309CF2B2662B47FC1,4,,,,,,0,0,3,35.42.51.326,139.45.26.893,21.2,35.42.50.863,139.45.26.510,2,5.2,35.42.50.863,139.45.26.510,0,1,35.42.51.773,139.45.27.181,0,0,0,0,0,0,,,0,0,,,0,,,0,,,0,,0,,0,34.4
00001B000000000309CF26A662AFFFC1,00001B000000000309CF26A662AF7FC1,00001B000000000309CF262662B0FFC1,4,,,,,,0,0,3,35.42.50.907,139.45.26.393,0,,,0,8.7,35.42.50.876,139.45.26.487,0,0,,,0,0,0,0,0,0,,,0,0,,,0,,,0,,,0,,0,,0,10
00001B000000000309CF25A662B1FFC1,00001B000000000309CF262662B0FFC1,00001B000000000309CF24A662B2FFC1,4,,,,,,0,0,3,35.42.50.714,139.45.26.779,0,,,0,8.7,35.42.50.773,139.45.26.688,0,0,,,0,0,0,0,0,0,,,0,0,,,0,,,0,,,0,,0,,0,12.8
00001B000000000309CF112662A47FC1,00001B000000000309CF122662A2FFC1,00001B000000000309CF0FA662A67FC1,4,,,,,,0,0,3,35.42.46.611,139.45.24.081,28.7,35.42.46.436,139.45.24.379,2,5.2,35.42.46.436,139.45.24.379,0,3,35.42.46.726,139.45.23.888,9,19,2,0,0,0,,,0,0,,,0,,,0,,,0,,0,,0,23.2
00001B000000000309CF0EA662AA7FC1,00001B000000000309CF0FA662A67FC1,00001B000000000309CF0DA662AE7FC1,4,,,,,,0,0,3,35.42.46.193,139.45.25.272,28.7,35.42.46.360,139.45.24.607,2,8.7,35.42.46.360,139.45.24.607,0,0,,,0,0,2,0,0,0,,,0,0,,,0,,,0,,,0,,0,,0,42.8
00001B000000000309CF0D2662B1FFC1,00001B000000000309CF0DA662AE7FC1,00001B000000000309CF0C2662B4FFC1,4,,,,,,0,0,3,35.42.45.828,139.45.26.705,0,,,0,0,,,0,0,,,0,0,0,0,0,0,,,0,0,,,0,,,0,,,0,,0,,0,32.7
00001B000000000309CF0BA662B57FC1,00001B000000000309CF0C2662B4FFC1,00001B000000000309CF0BA662B5FFC1,4,,,,,,0,0,3,35.42.45.599,139.45.27.448,8.7,35.42.45.559,139.45.27.528,1,8.7,35.42.45.559,139.45.27.528,0,0,,,0,0,0,0,0,0,,,0,0,,,0,,,0,,,0,,0,,0,7.5
00001B000000000309CF0B2662B67FC1,00001B000000000309CF0BA662B5FFC1,00001B000000000309CF0A2662B6FFC1,4,,,,,,0,0,3,35.42.45.407,139.45.27.673,0,,,0,8.7,35.42.45.502,139.45.27.602,0,0,,,0,0,0,0,0,0,,,0,0,,,0,,,0,,,0,,0,,0,9.3
00001B000000000309CF0D2662B7FFC1,00001B000000000309CF0BA662B5FFC1,00001B000000000309CF0EA662B97FC1,4,,,,,,0,0,3,35.42.45.840,139.45.27.934,7,35.42.45.569,139.45.27.624,0,0,,,0,0,,,0,0,0,0,0,0,,,0,0,,,0,,,0,,,0,,0,,0,26.2
00001B000000000309CF0EA662BB7FC1,00001B000000000309CF0EA662B97FC1,00001B000000000309CF0EA662BD7FC1,4,,,,,,0,0,3,35.42.46.164,139.45.28.682,0,,,0,0,,,0,0,,,0,0,0,0,0,0,,,0,0,,,0,,,0,,,0,,0,,0,19.5
00001B000000000309CF0DA662B57FC1,00001B000000000309CF0C2662B4FFC1,00001B000000000309CF0EA662B5FFC1,4,,,,,,0,0,3,35.42.45.904,139.45.27.433,10.5,35.42.45.771,139.45.27.370,1,10.5,35.42.45.771,139.45.27.370,0,0,,,0,0,0,0,0,0,,,0,0,,,0,,,0,,,0,,0,,0,15.8
00001B000000000309CF112662B77FC1,00001B000000000309CF0EA662B5FFC1,00001B000000000309CF132662B97FC1,4,,,,,,0,0,3,35.42.46.610,139.45.27.896,0,,,0,5.2,35.42.46.264,139.45.27.634,0,0,,,0,0,0,0,0,0,,,0,0,,,0,,,0,,,0,,0,,0,33.7
00001B000000000309CEEF2662A97FC1,00001B000000000309CEEF26629FFFC1,00001B000000000309CEEF2662B27FC1,4,,,,,,0,0,3,35.42.39.846,139.45.25.001,0,,,0,0,,,0,0,,,0,0,0,0,0,0,,,0,0,,,0,,,0,,,0,,0,,0,93.1
00001B000000000309CEF0A662B9FFC1,00001B000000000309CEF0A662B27FC1,00001B000000000309CEF0A662C1FFC1,4,,,,,,0,0,3,35.42.40.171,139.45.28.371,0,,,0,0,,,0,0,,,0,0,0,0,0,0,,,0,0,,,0,,,0,,,0,,0,,0,78.3
00001B000000000309CEF0A662C37FC1,00001B000000000309CEF0A662C1FFC1,00001B000000000309CEF12662C57FC1,4,,,,,,0,0,3,35.42.40.190,139.45.30.275,0,,,0,0,,,0,0,,,0,0,0,0,0,0,,,0,0,,,0,,,0,,,0,,0,,0,17.5
00001B000000000309CEF42662C57FC1,00001B000000000309CEF12662C57FC1,00001B000000000309CEF72662C4FFC1,4,,,,,,0,0,3,35.42.40.812,139.45.30.601,0,,,0,0,,,0,0,,,0,0,0,0,0,0,,,0,0,,,0,,,0,,,0,,0,,0,37.4
00001B000000000309CF032662A5FFC1,00001B000000000309CF01A662A67FC1,00001B000000000309CF04A662A57FC1,4,,,,,,0,0,3,35.42.43.868,139.45.24.345,0,,,0,0,,,0,0,,,0,0,0,0,0,0,,,0,0,,,0,,,0,,,0,,0,,0,17.6
00001B000000000309CF05A662A57FC1,00001B000000000309CF04A662A57FC1,00001B000000000309CF072662A57FC1,4,,,,,,0,0,3,35.42.44.387,139.45.24.260,14.9,35.42.44.377,139.45.24.258,2,0,,,0,0,,,0,0,0,0,0,0,,,0,0,,,0,,,0,,,0,,0,,0,15.1
00001B000000000309CF012662977FC1,00001B000000000309CF04A6629A7FC1,00001B000000000309CEFE2662947FC1,2,,,,,,0,0,1,35.42.43.466,139.45.21.455,0,,,0,0,,,3,0,,,0,0,0,0,0,0,,,0,0,,,0,,,0,,,0,,0,,0,51.1
00001B000000000309CEEAA662B6FFC1,00001B000000000309CEEAA662B37FC1,00001B000000000309CEEA2662BA7FC1,4,,,,,,0,0,3,35.42.38.938,139.45.27.721,0,,,0,0,,,0,0,,,0,0,0,0,0,0,,,0,0,,,0,,,0,,,0,,0,,0,35
00001B000000000309CEE42662B97FC1,00001B000000000309CEDE2662B8FFC1,00001B000000000309CEEA2662BA7FC1,4,,,,,,0,0,3,35.42.37.680,139.45.28.261,0,,,0,0,,,0,0,,,0,0,0,0,0,0,,,0,0,,,0,,,0,,,0,,0,,0,74.9
00001B000000000309CF082662AAFFC1,00001B000000000309CF082662ACFFC1,00001B000000000309CF082662A87FC1,4,,,,,,0,0,3,35.42.44.844,139.45.25.304,0,,,0,0,,,0,1,35.42.44.846,139.45.25.304,0,0,0,0,0,0,,,0,0,,,0,,,0,,,0,,0,,0,21.6
00001B000000000309CF002662C3FFC1,00001B000000000309CEFDA662C3FFC1,00001B000000000309CF02A662C37FC1,4,,,,,,0,0,3,35.42.43.256,139.45.30.300,0,,,0,0,,,0,1,35.42.42.864,139.45.30.344,0,0,0,0,0,0,,,0,0,,,0,,,0,,,0,,0,,0,29
00001B000000000309CEE6A662D9FFC1,00001B000000000309CEE72662DEFFC1,00001B000000000309CEE5A662D4FFC1,4,,,,,,0,0,3,35.42.38.124,139.45.34.746,0,,,0,0,,,0,0,,,0,0,0,0,0,0,,,0,0,,,0,,,0,,,0,,0,,0,49.2
00001B000000000309CECFA662DC7FC1,00001B000000000309CECFA662D97FC1,00001B000000000309CED02662DF7FC1,4,,,,,,0,0,3,35.42.33.576,139.45.35.272,21.2,35.42.33.553,139.45.34.717,2,0,,,0,1,35.42.33.553,139.45.34.717,0,0,0,0,0,0,,,0,0,,,0,,,0,,,0,,0,,0,30.4
00001B000000000309CEE02662DA7FC1,00001B000000000309CEDEA662DAFFC1,00001B000000000309CEE22662D9FFC1,4,,,,,,0,0,3,35.42.36.862,139.45.34.839,10.5,35.42.36.571,139.45.34.912,1,0,,,0,1,35.42.36.571,139.45.34.912,0,0,0,0,0,0,,,0,0,,,0,,,0,,,0,,0,,0,22.6
00001B000000000309CEE2A662DCFFC1,00001B000000000309CEE22662D9FFC1,00001B000000000309CEE32662DFFFC1,4,,,,,,0,0,3,35.42.37.316,139.45.35.336,0,,,0,0,,,0,0,,,0,0,0,0,0,0,,,0,0,,,0,,,0,,,0,,0,,0,30
00001B000000000309CED8A662E67FC1,00001B000000000309CED5A662E6FFC1,00001B000000000309CEDC2662E57FC1,1,,,,,,0,0,3,35.42.35.391,139.45.37.201,0,,,0,0,,,0,0,,,0,0,0,0,0,0,,,1,0,,,0,,,0,,,0,,0,本郷通り,0,39.6
00001B000000000309CEC32662ED7FC1,00001B000000000309CEC2A662E9FFC1,00001B000000000309CEC32662F0FFC1,4,,,,,,0,0,3,35.42.31.011,139.45.38.658,5.2,35.42.31.013,139.45.38.676,0,0,,,0,0,,,0,0,0,0,0,0,,,0,0,,,0,,,0,,,0,,0,,0,35.8
00001B000000000309CED02662EEFFC1,00001B000000000309CECB2662EFFFC1,00001B000000000309CED5A662EDFFC1,4,,,,,,0,0,3,35.42.33.696,139.45.38.923,0,,,0,0,,,0,0,,,0,0,0,0,0,0,,,0,0,,,0,,,0,,,0,,0,,0,67.2
00001B000000000309CED5A662EA7FC1,00001B000000000309CED52662E6FFC1,00001B000000000309CED5A662EDFFC1,4,,,,,,0,0,3,35.42.34.721,139.45.38.067,0,,,0,0,,,0,0,,,0,0,0,0,0,0,,,0,0,,,0,,,0,,,0,,0,,0,34
00001B000000000309CEA1A662E5FFC1,00001B000000000309CEA1A662E17FC1,00001B000000000309CEA22662EA7FC1,1,,,,,,0,0,3,35.42.24.385,139.45.37.153,8.7,35.42.24.363,139.45.36.617,1,0,,,0,0,,,0,0,0,0,0,0,,,1,0,,,0,,,0,,,0,,0,,0,46.6
00001B000000000309CEA1A662DEFFC1,00001B000000000309CEA1A662DC7FC1,00001B000000000309CEA1A662E17FC1,2,,,,,,0,0,3,35.42.24.345,139.45.35.754,0,,,0,0,,,0,0,,,0,0,0,1,0,0,,,1,0,,,0,,,0,,,0,,0,,0,23.8
00001B000000000309CEA6A662DA7FC1,00001B000000000309CEA1A662DAFFC1,00001B000000000309CEABA662D9FFC1,4,,,,,,0,0,3,35.42.25.325,139.45.34.897,0,,,0,0,,,0,0,,,0,0,0,0,0,0,,,0,0,,,0,,,0,,,0,,0,,0,60.3
00001B000000000309CEABA662DA7FC1,00001B000000000309CEABA662D9FFC1,00001B000000000309CEABA662DAFFC1,5,,,,,,0,0,3,35.42.26.306,139.45.34.883,0,,,0,0,,,0,0,,,0,0,0,0,0,0,,,0,0,,,0,,,0,,,0,,0,春日通り,0,4.4
00001B000000000309CEC6266323FFC1,00001B000000000309CEC62663247FC1,00001B000000000309CEC6266322FFC1,5,,,,,,0,0,3,35.42.31.665,139.45.49.520,0,,,0,0,,,0,0,,,0,0,0,0,0,0,,,0,0,,,0,,,0,,,0,,0,,0,6.4
00001B000000000309CEB12662D6FFC1,00001B000000000309CEAFA662D6FFC1,00001B000000000309CEB32662D6FFC1,2,,,,,,0,0,1,35.42.27.492,139.45.34.159,3.5,35.42.27.528,139.45.34.159,0,0,,,0,0,,,0,0,0,0,0,0,,,0,0,,,0,,,0,,,0,,0,,0,23.8
00001B000000000309CF192662A57FC1,00001B000000000309CF16A662A3FFC1,00001B000000000309CF1BA662A6FFC1,12,,,,,,0,0,1,35.42.48.225,139.45.24.230,26.8,35.42.48.095,139.45.24.017,2,0,,,0,0,,,48,0,1,0,0,0,,,0,0,,,0,,,2,35.42.47.754,139.45.23.912,0,,0,,0,33.5
00001B000000000309CF1A2662A6FFC1,00001B000000000309CF16A662A3FFC1,00001B000000000309CF1E2662AA7FC1,1,,,,,,0,0,2,35.42.48.492,139.45.24.570,3.5,35.42.48.495,139.45.24.575,0,0,,,0,0,,,0,0,0,0,0,0,,,0,0,,,0,,,2,35.42.47.754,139.45.23.912,0,,0,,0,56.5
00001B000000000309CF152662A57FC1,00001B000000000309CF142662A4FFC1,00001B000000000309CF15A662A5FFC1,1,,,,,,0,0,2,35.42.47.407,139.45.24.205,0,,,0,0,,,0,0,,,0,0,0,0,0,0,,,0,0,,,0,,,2,35.42.47.528,139.45.24.303,1,,0,,0,8.6
00001B000000000309CF162662A4FFC1,00001B000000000309CF16A662A3FFC1,00001B000000000309CF15A662A5FFC1,5,,,,,,0,0,3,35.42.47.635,139.45.24.107,0,,,0,0,,,0,0,,,0,0,0,0,0,0,,,0,0,,,0,,,2,35.42.48.495,139.45.23.912,0,,0,,0,12.2
00001B000000000309CF112662C17FC1,00001B000000000309CF0F2662C17FC1,00001B000000000309CF132662C0FFC1,2,,,,,,0,0,3,35.42.46.662,139.45.29.814,0,,,0,0,,,0,1,35.42.46.424,139.45.29.868,0,0,0,0,0,0,,,0,0,,,0,,,0,,,0,,0,,0,22.8
00001B000000000309CEF2A6629FFFC1,00001B000000000309CEF0A6629FFFC1,00001B000000000309CEF4A6629FFFC1,4,,,,,,0,0,3,35.42.40.518,139.45.23.149,0,35.42.40.520,139.45.23.149,0,0,,,0,0,,,0,0,0,0,0,0,,,0,0,,,0,,,0,,,0,,0,,0,23.5
00001B000000000309CEF4A662A0FFC1,00001B000000000309CEF4A6629FFFC1,00001B000000000309CEF4A662A1FFC1,4,,,,,,0,0,3,35.42.40.904,139.45.23.343,3.5,35.42.40.899,139.45.23.346,0,0,,,0,0,,,0,0,0,0,0,0,,,0,0,,,0,,,0,,,0,,0,,0,9.7
00001B000000000309CEF0A6629F7FC1,00001B000000000309CEF0A6629FFFC1,00001B000000000309CEF0A6629EFFC1,2,,,,,,0,0,3,35.42.40.138,139.45.23.050,5.2,,,0,0,,,0,1,35.42.40.140,139.45.23.083,0,0,0,0,0,0,,,0,0,,,0,,,0,,,0,,0,,0,5
00001B000000000309CEB32662D67FC1,00001B000000000309CEB32662D6FFC1,00001B000000000309CEB32662D5FFC1,2,,,,,,0,0,1,35.42.27.880,139.45.34.072,0,,,0,0,,,0,0,,,4,0,0,0,0,0,,,0,0,,,0,,,0,,,0,,0,,0,4.1
00001B000000000309CEB3A662D6FFC1,00001B000000000309CEB32662D6FFC1,00001B000000000309CEB42662D6FFC1,2,,,,,,0,0,1,35.42.27.977,139.45.34.152,3.5,35.42.27.994,139.45.34.151,0,0,,,0,0,,,0,0,0,0,0,0,,,0,0,,,0,,,0,,,0,,0,,0,6
00001B000000000309CEAF2662D5FFC1,00001B000000000309CEAFA662D6FFC1,00001B000000000309CEAF2662D4FFC1,1,,,,,,0,0,3,35.42.27.097,139.45.33.950,0,,,0,0,,,0,0,,,0,0,0,0,0,0,,,0,0,,,0,,,0,,,0,,0,春日通り,0,10.8
00001B000000000309CEB02662D4FFC1,00001B000000000309CEAF2662D4FFC1,00001B000000000309CEB12662D4FFC1,2,,,,,,0,0,3,35.42.27.285,139.45.33.728,0,,,0,0,,,0,0,,,0,0,0,0,0,0,,,0,0,,,0,,,0,,,0,,0,,0,12.1
00001B000000000309CEC72662F07FC1,00001B000000000309CEC32662F0FFC1,00001B000000000309CECB2662EFFFC1,4,,,,,,0,0,3,35.42.31.847,139.45.39.236,0,,,0,0,,,0,0,,,0,0,0,0,0,0,,,0,0,,,0,,,0,,,0,,0,,0,47.8
00001B000000000309CEB5A662F37FC2,00001B000000000309CEB5A662F37FC1,00001B000000000309CEB5A662F3FFC1,2,,,,,,0,0,3,35.42.28.344,139.45.39.894,10.5,35.42.28.345,139.45.39.889,1,0,,,0,2,35.42.28.348,139.45.39.929,0,0,0,0,0,0,,,1,0,,,0,,,0,,,0,,0,,0,3.7
00001B000000000309CEB32662F37FC1,00001B000000000309CEB12662F3FFC1,00001B000000000309CEB5A662F37FC1,4,,,,,,0,0,3,35.42.27.876,139.45.39.897,0,,,0,0,,,0,0,,,0,0,0,0,0,0,,,0,0,,,0,,,0,,,0,,0,,0,28.5
00001B000000000309CEAD2662F57FC1,00001B000000000309CEAC2662F57FC1,00001B000000000309CEAE2662F57FC1,2,,,,,,0,0,3,35.42.26.642,139.45.40.227,0,,,0,0,,,0,0,,,0,0,0,0,0,0,,,1,0,,,0,,,0,,,0,,0,,0,12.6
00001B000000000309CEABA662E27FC1,00001B000000000309CEAB2662E27FC1,00001B000000000309CEAC2662E27FC1,2,,,,,,0,0,3,35.42.26.362,139.45.36.463,7,35.42.26.332,139.45.36.457,0,0,,,0,0,,,0,0,0,0,0,0,,,1,0,,,0,,,0,,,0,,0,,0,6.9
00001B000000000309CEACA662E5FFC1,00001B000000000309CEAC2662E27FC1,00001B000000000309CEAD2662E8FFC1,1,,,,,,0,0,3,35.42.26.543,139.45.37.100,5.2,35.42.26.602,139.45.37.624,0,0,,,0,0,,,0,0,0,0,0,0,,,0,0,,,0,,,3,35.42.26.611,139.45.37.745,1,,0,春日通り,0,32.6
00001B000000000309CF2DA662B07FC1,00001B000000000309CF2EA662AF7FC1,00001B000000000309CF2D2662B1FFC1,5,,,,,,0,0,3,35.42.52.384,139.45.26.469,0,,,0,0,,,0,0,,,0,0,0,0,0,0,,,0,0,,,0,,,2,35.42.52.544,139.45.26.218,0,,0,,0,15.7
00001B000000000309CEF42662A1FFC1,00001B000000000309CEF4A662A1FFC1,00001B000000000309CEF3A662A1FFC1,2,,,,,,0,0,0,35.42.40.845,139.45.23.537,0,,,0,0,,,0,1,35.42.40.859,139.45.23.537,0,0,0,0,0,0,,,0,0,,,0,,,0,,,0,,0,,0,3.9
00001B000000000309CF1A2662A97FC1,00001B000000000309CF1BA662A6FFC1,00001B000000000309CF192662ABFFC1,4,,,,,,0,0,3,35.42.48.468,139.45.25.068,3.5,35.42.48.347,139.45.25.345,0,0,,,0,0,,,0,0,0,0,0,0,,,0,0,,,0,,,0,,,0,,1,,0,29.6
00001B000000000309CF22A662BD7FC1,00001B000000000309CF222662BCFFC1,00001B000000000309CF232662BDFFC1,1,,,,,,0,0,0,35.42.50.144,139.45.29.046,7,35.42.50.120,139.45.29.026,0,0,,,0,1,35.42.50.147,139.45.29.047,0,0,0,0,0,0,,,0,0,,,0,,,0,,,0,,0,,0,9.5
00001B000000000309CEED26628B7FC1,00001B000000000309CEEC26628BFFC1,00001B000000000309CEEE26628AFFC1,1,,,,,,0,0,2,35.42.39.448,139.45.19.023,3.5,35.42.39.615,139.45.18.921,0,0,,,0,0,,,0,0,0,0,0,0,,,0,0,,,0,,,0,,,0,,0,菊坂通り,0,12.3
00001B000000000309CEEC26628BFFC2,00001B000000000309CEEC26628BFFC1,00001B000000000309CEEC26628C7FC1,2,,,,,,0,0,0,35.42.39.284,139.45.19.169,0,,,0,0,,,0,1,35.42.39.283,139.45.19.161,0,0,0,0,0,0,,,0,0,,,0,,,0,,,0,,0,,0,2
00001B000000000309CEC2A662E9FFC2,00001B000000000309CEC2A662E9FFC1,00001B000000000309CEC32662E9FFC1,5,,,,,,0,0,3,35.42.30.992,139.45.37.943,0,,,0,0,,,0,0,,,0,0,0,0,0,0,,,0,0,,,0,,,0,,,0,,0,本郷通り,0,3
00001B000000000309CED5A662E6FFC2,00001B000000000309CED52662E6FFC1,00001B000000000309CED5A662E6FFC1,5,,,,,,0,0,3,35.42.34.715,139.45.37.380,0,,,0,0,,,0,0,,,0,0,0,0,0,0,,,0,0,,,0,,,0,,,0,,0,本郷通り,0,3
00001B000000000309CF30A662B67FC2,00001B000000000309CF302662B5FFC1,00001B000000000309CF30A662B67FC1,5,,,,,,0,0,3,35.42.52.909,139.45.27.610,0,,,0,0,,,0,0,,,0,0,0,0,0,0,,,0,0,,,0,,,0,,,0,,0,,0,5
00001B000000000309CF2DA662B27FC2,00001B000000000309CF2DA662B1FFC1,00001B000000000309CF2DA662B27FC1,5,,,,,,0,0,3,35.42.52.347,139.45.26.824,3.5,35.42.52.364,139.45.26.848,0,0,,,0,0,,,0,0,0,0,0,0,,,0,0,,,0,,,0,,,0,,0,,0,3
00001B000000000309CEBCA662F1FFC1,00001B000000000309CEB5A662F37FC1,00001B000000000309CEC32662F0FFC1,4,,,,,,0,0,3,35.42.29.706,139.45.39.593,0,,,0,0,,,0,0,,,0,0,0,0,0,0,,,0,0,,,0,,,0,,,0,,0,,0,85.3
00001B000000000309CEB12662F47FC1,00001B000000000309CEB12662F3FFC1,00001B000000000309CEB12662F4FFC1,5,,,,,,0,0,3,35.42.27.422,139.45.40.053,0,,,0,0,,,0,0,,,0,0,0,0,0,0,,,0,0,,,0,,,0,,,0,,0,春日通り,0,4
00001B000000000309CED42662E77FC1,00001B000000000309CED3A662E77FC1,00001B000000000309CED4A662E77FC1,1,,,,,,0,0,3,35.42.34.419,139.45.37.430,0,,,0,0,,,0,0,,,0,0,0,0,0,0,,,1,0,,,0,,,3,35.42.34.317,139.45.37.450,0,,0,本郷通り,0,6.6
00001B000000000309CED32662E57FC1,00001B000000000309CED32662E3FFC1,00001B000000000309CED3A662E77FC1,5,,,,,,0,0,0,35.42.34.279,139.45.37.084,12.3,35.42.34.252,139.45.36.804,1,0,,,0,1,35.42.34.251,139.45.36.804,0,0,0,0,0,0,,,0,0,,,0,,,3,35.42.34.241,139.45.36.722,0,,0,本郷通り,0,18.3
00001B000000000309CEE3A662DF7FC1,00001B000000000309CEE32662DFFFC1,00001B000000000309CEE42662DF7FC1,1,,,,,,0,0,3,35.42.37.505,139.45.35.898,0,,,0,0,,,0,0,,,0,0,0,0,0,0,,,1,0,,,0,,,3,35.42.37.603,139.45.35.869,0,,0,本郷通り,0,6
00001B000000000309CEE7A662E07FC1,00001B000000000309CEE72662DEFFC1,00001B000000000309CEE82662E27FC1,5,,,,,,0,0,0,35.42.38.345,139.45.36.054,0,,,0,0,,,0,1,35.42.38.346,139.45.36.055,0,0,0,0,0,0,,,0,0,,,0,,,3,35.42.38.288,139.45.35.701,0,,0,本郷通り,0,18
00001B000000000309CEE42662E17FC1,00001B000000000309CEE42662DF7FC1,00001B000000000309CEE4A662E2FFC1,5,,,,,,0,0,0,35.42.37.660,139.45.36.229,0,,,0,0,,,0,1,35.42.37.660,139.45.36.230,0,0,0,0,0,0,,,0,0,,,0,,,3,35.42.37.603,139.45.35.869,0,,0,本郷通り,0,18.2
00001B000000000309CF00A662D9FFC1,00001B000000000309CF00A662D7FFC1,00001B000000000309CF012662DB7FC1,5,,,,,,0,0,0,35.42.43.369,139.45.34.741,0,,,0,0,,,0,0,,,0,0,0,0,0,0,,,0,0,,,0,,,3,35.42.43.315,139.45.34.395,0,,0,本郷通り,0,17.7
00001B000000000309CF07A662D9FFC1,00001B000000000309CF0EA662D7FFC1,00001B000000000309CF012662DB7FC1,1,,,,,,0,0,3,35.42.44.791,139.45.34.728,0,,,0,0,,,0,0,,,0,0,0,0,0,1,35.42.43.796,139.45.34.951,1,0,,,0,,,3,35.42.46.157,139.45.34.363,1,,0,本郷通り,0,85.9
00001B000000000309CEE6A662E27FC1,00001B000000000309CEE82662E27FC1,00001B000000000309CEE5A662E2FFC1,1,,,,,,0,0,3,35.42.38.188,139.45.36.460,0,,,0,0,,,0,0,,,0,0,0,0,0,0,,,1,0,,,0,,,3,35.42.38.404,139.45.36.410,0,,0,本郷通り,0,13.6
00001B000000000309CEE52662E2FFC1,00001B000000000309CEE4A662E2FFC1,00001B000000000309CEE5A662E2FFC1,1,,,,,,0,0,3,35.42.37.846,139.45.36.551,0,,,0,0,,,0,0,,,0,0,0,0,0,0,,,1,0,,,0,,,3,35.42.37.603,139.45.35.869,0,,0,本郷通り,0,8
00001B000000000309CF0CA662D4FFC1,00001B000000000309CF0E2662D47FC1,00001B000000000309CF0B2662D57FC2,1,,,,,,0,0,3,35.42.45.761,139.45.33.754,0,,,0,0,,,0,0,,,0,0,0,0,0,0,,,1,0,,,0,,,3,35.42.46.043,139.45.33.680,1,,0,本郷通り,0,17.5
00001B000000000309CF0FA662D7FFC1,00001B000000000309CF102662D77FC1,00001B000000000309CF0EA662D7FFC1,1,,,,,,0,0,3,35.42.46.319,139.45.34.327,0,,,0,0,,,0,0,,,0,0,0,0,0,0,,,1,0,,,0,,,3,35.42.46.157,139.45.34.363,1,,0,本郷通り,0,10.4
00001B000000000309CF0E2662D67FC1,00001B000000000309CF0E2662D47FC1,00001B000000000309CF0EA662D7FFC1,5,,,,,,0,0,0,35.42.46.096,139.45.34.026,0,,,0,0,,,0,0,,,0,0,0,0,0,0,,,0,0,,,0,,,3,35.42.46.263,139.45.34.404,0,,0,本郷通り,0,17.7
00001B000000000309CF112662D57FC1,00001B000000000309CF112662D3FFC1,00001B000000000309CF11A662D77FC1,5,,,,,,0,0,0,35.42.46.678,139.45.33.873,0,,,0,0,,,0,0,,,0,0,0,0,0,0,,,0,0,,,0,,,3,35.42.46.642,139.45.33.516,1,,0,本郷通り,0,17.8
00001B000000000309CF11A662D37FC1,00001B000000000309CF122662D37FC1,00001B000000000309CF112662D3FFC1,1,,,,,,0,0,3,35.42.46.766,139.45.33.489,0,,,0,0,,,0,0,,,0,0,0,0,0,0,,,1,0,,,0,,,3,35.42.46.642,139.45.33.516,1,,0,本郷通り,0,8.3
00001B000000000309CF112662D77FC1,00001B000000000309CF11A662D77FC1,00001B000000000309CF102662D77FC1,1,,,,,,0,0,3,35.42.46.604,139.45.34.253,0,,,0,0,,,0,0,,,0,0,0,0,0,0,,,1,0,,,0,,,3,35.42.46.729,139.45.34.221,1,,0,本郷通り,0,7.5
00001B000000000309CF1DA662AD7FC1,00001B000000000309CF1DA662ACFFC1,00001B000000000309CF1DA662AE7FC1,4,,,,,,0,0,3,35.42.49.147,139.45.25.874,26.8,35.42.49.179,139.45.25.761,2,10.5,35.42.49.179,139.45.25.761,0,0,,,0,0,0,0,0,0,,,0,0,,,0,,,0,,,0,,0,,0,9.2
00001B000000000309CF1B2662AD7FC1,00001B000000000309CF1DA662AE7FC1,00001B000000000309CF192662ABFFC1,12,,,,,,0,0,1,35.42.48.669,139.45.25.816,23.1,35.42.48.300,139.45.25.617,2,0,,,0,2,35.42.48.492,139.45.25.714,35,0,0,0,0,0,,,0,0,,,0,,,0,,,0,,0,,0,29.2
00001B000000000309CF32A662BBFFC1,00001B000000000309CF342662BBFFC1,00001B000000000309CF312662BC7FC1,4,,,,,,0,0,3,35.42.53.383,139.45.28.794,7,35.42.53.628,139.45.28.735,0,0,,,0,0,,,0,0,0,0,0,0,,,0,0,,,0,,,0,,,0,,0,,0,18.8
00001B000000000309CF312662BBFFC1,00001B000000000309CF312662BAFFC1,00001B000000000309CF312662BC7FC1,4,,,,,,0,0,3,35.42.53.057,139.45.28.732,0,,,0,0,,,0,0,,,0,0,0,0,0,0,,,0,0,,,0,,,0,,,0,,0,,0,7.3
00001B000000000309CF34A662BBFFC1,00001B000000000309CF342662BBFFC1,00001B000000000309CF34A662BC7FC1,1,,,,,,0,0,3,35.42.53.727,139.45.28.771,3.5,35.42.53.696,139.45.28.729,0,0,,,0,0,,,0,0,0,0,0,0,,,0,0,,,0,,,0,,,0,,0,,0,4
00001B000000000309CF362662C47FC1,00001B000000000309CF38A662C3FFC1,00001B000000000309CF332662C57FC1,4,,,,,,0,0,2,35.42.54.009,139.45.30.470,3.5,35.42.53.509,139.45.30.609,0,3.5,35.42.53.509,139.45.30.609,0,0,,,0,0,0,0,0,0,,,0,0,,,0,,,0,,,0,,0,,0,36.9
00001B000000000309CF33A662C7FFC1,00001B000000000309CF332662C57FC1,00001B000000000309CF342662CAFFC1,4,,,,,,0,0,3,35.42.53.528,139.45.31.166,8.7,35.42.53.598,139.45.31.508,1,5.2,35.42.53.598,139.45.31.508,0,0,,,0,0,0,0,0,0,,,0,0,,,0,,,0,,,0,,0,,0,27.8
00001B000000000309CF392662C3FFC1,00001B000000000309CF38A662C3FFC1,00001B000000000309CF392662C47FC1,1,,,,,,0,0,3,35.42.54.603,139.45.30.360,5.2,35.42.54.602,139.45.30.360,0,0,,,0,0,,,0,0,0,0,0,0,,,0,0,,,0,,,0,,,0,,0,,0,2.5
00001B000000000309CF302662C3FFC1,00001B000000000309CF32A662C37FC1,00001B000000000309CF2DA662C47FC1,4,,,,,,0,0,3,35.42.52.871,139.45.30.359,7,35.42.53.292,139.45.30.267,0,7,35.42.53.292,139.45.30.267,0,1,35.42.53.329,139.45.30.261,0,0,0,0,0,0,,,0,0,,,0,,,0,,,0,,0,,0,30.1
00001B000000000309CF32A662C47FC1,00001B000000000309CF32A662C37FC1,00001B000000000309CF332662C57FC1,4,,,,,,0,0,3,35.42.53.388,139.45.30.441,7,35.42.53.408,139.45.30.537,0,5.2,35.42.53.408,139.45.30.537,0,0,,,0,0,0,0,0,0,,,0,0,,,0,,,0,,,0,,0,,0,9.6
00001B000000000309CF202662C47FC1,00001B000000000309CF22A662C3FFC1,00001B000000000309CF1D2662C4FFC1,4,,,,,,0,0,2,35.42.49.631,139.45.30.416,0,,,0,8.7,35.42.50.126,139.45.30.337,0,0,,,0,0,0,0,0,0,,,0,0,,,0,,,0,,,0,,0,,0,35.2
00001B000000000309CF232662C6FFC1,00001B000000000309CF22A662C3FFC1,00001B000000000309CF23A662C9FFC1,4,,,,,,0,0,2,35.42.50.274,139.45.30.919,0,,,0,0,,,0,0,,,0,0,0,0,0,0,,,0,0,,,0,,,0,,,0,,0,,0,30.2
00001B000000000309CF1D2662C2FFC1,00001B000000000309CF1CA662C17FC1,00001B000000000309CF1D2662C4FFC1,4,,,,,,0,0,3,35.42.49.032,139.45.30.174,0,,,0,0,,,0,0,,,0,0,0,0,0,0,,,0,0,,,0,,,0,,,0,,0,,0,16.9
00001B000000000309CEA7A662EE7FC2,00001B000000000309CEA7A662EE7FC1,00001B000000000309CEA7A662EEFFC1,2,,,,,,0,0,0,35.42.25.548,139.45.38.899,0,,,0,0,,,0,0,,,0,0,0,0,0,0,,,0,0,,,0,,,0,,,0,,0,,0,2
00001B000000000309CEB9A66321FFC3,00001B000000000309CEB9A66321FFC2,00001B000000000309CEB9A66321FFC1,2,,,,,,0,3,0,35.42.29.133,139.45.49.163,0,,,0,0,,,0,0,,,0,0,0,0,0,0,,,0,0,,,0,,,0,,,0,,0,,0,1.6
00001B000000000309CEB5A663227FC1,00001B000000000309CEB12663227FC1,00001B000000000309CEB9A66321FFC2,1,,,,,,0,0,3,35.42.28.303,139.45.49.214,0,,,0,0,,,0,0,,,0,0,0,0,0,1,35.42.29.196,139.45.49.229,0,0,,,0,,,0,,,0,,0,,0,51.2
00001B000000000309CEABA662E87FC1,00001B000000000309CEAD2662E8FFC1,00001B000000000309CEAAA662E77FC1,2,,,,,,0,0,2,35.42.26.374,139.45.37.605,0,,,0,0,,,0,0,,,0,0,0,0,0,0,,,0,0,,,0,,,3,35.42.26.611,139.45.37.745,1,,0,,0,16.2
00001B000000000309CEA1A662DBFFC1,00001B000000000309CEA1A662DC7FC1,00001B000000000309CEA1A662DAFFC1,2,,,,,,0,0,3,35.42.24.350,139.45.35.139,0,,,0,0,,,0,0,,,0,0,0,1,0,0,,,1,0,,,0,,,0,,,0,,0,,0,7.1
00001B000000000309CEAD2662EDFFC1,00001B000000000309CEAC2662EDFFC1,00001B000000000309CEADA662EDFFC1,1,,,,,,0,0,3,35.42.26.606,139.45.38.728,0,,,0,0,,,0,0,,,0,0,0,0,0,0,,,1,0,,,0,,,3,35.42.26.744,139.45.38.713,1,,0,本郷通り,0,8
00001B000000000309CEAC2662EE7FC2,00001B000000000309CEAC2662EDFFC1,00001B000000000309CEAC2662EE7FC1,2,,,,,,0,0,0,35.42.26.475,139.45.38.805,0,,,0,0,,,0,0,,,0,0,0,0,0,0,,,0,0,,,0,,,0,,,0,,0,,0,3.1
00001B000000000309CEA32662EA7FC1,00001B000000000309CEA22662EA7FC1,00001B000000000309CEA42662EA7FC1,1,,,,,,0,0,3,35.42.24.617,139.45.38.050,0,,,0,0,,,0,0,,,0,0,0,0,0,0,,,1,0,,,0,,,0,,,0,,0,本郷通り,0,11.7
00001B000000000309CEA42662E9FFC2,00001B000000000309CEA42662EA7FC1,00001B000000000309CEA42662E9FFC1,2,,,,,,0,0,0,35.42.24.803,139.45.37.977,0,,,0,0,,,0,0,,,0,0,0,0,0,0,,,0,0,,,0,,,0,,,0,,0,,0,2.2
00001B000000000309CEA5A662E9FFC1,00001B000000000309CEA42662EA7FC1,00001B000000000309CEA72662E9FFC1,1,,,,,,0,0,3,35.42.25.134,139.45.37.970,0,,,0,0,,,0,0,,,0,0,0,0,0,0,,,1,0,,,0,,,0,,,0,,0,本郷通り,0,20.4
00001B000000000309CEA72662E97FC2,00001B000000000309CEA72662E9FFC1,00001B000000000309CEA72662E97FC1,2,,,,,,0,0,0,35.42.25.463,139.45.37.860,0,,,0,0,,,0,0,,,0,0,0,0,0,0,,,0,0,,,0,,,0,,,0,,0,,0,3
00001B000000000309CED42662E37FC1,00001B000000000309CED32662E3FFC1,00001B000000000309CED4A662E37FC1,1,,,,,,0,0,3,35.42.34.410,139.45.36.680,0,,,0,0,,,0,0,,,0,0,0,0,0,1,35.42.36.165,139.45.36.245,0,0,,,0,,,3,35.42.34.241,139.45.36.722,0,,0,本郷通り,0,10.4
00001B000000000309CED4A662E37FC2,00001B000000000309CED4A662E37FC1,00001B000000000309CED4A662E2FFC1,2,,,,,,0,0,0,35.42.34.572,139.45.36.610,0,,,0,0,,,0,0,,,0,0,0,0,0,0,,,0,0,,,0,,,0,,,0,,0,,0,1.5
00001B000000000309CF022662BAFFC1,00001B000000000309CF022662BDFFC1,00001B000000000309CF022662B7FFC1,4,,,,,,0,0,3,35.42.43.644,139.45.28.550,0,,,0,8.7,35.42.43.673,139.45.28.941,0,1,35.42.43.680,139.45.28.995,0,0,0,0,0,0,,,0,0,,,0,,,0,,,0,,0,,0,27.9
00001B000000000309CF01A662B87FC2,00001B000000000309CF022662B7FFC1,00001B000000000309CF01A662B87FC1,2,,,,,,0,0,0,35.42.43.556,139.45.28.001,0,,,0,0,,,0,0,,,0,0,0,0,0,0,,,0,0,,,0,,,0,,,0,,0,,0,2.7
